,weight,prod_distance,time_delivery
0,37.0,1772.0,9.0
1,73.0,2074.0,14.0
2,19.0,2118.0,3.0
3,82.0,1467.0,12.0
4,1.0,2488.0,5.0
5,28.0,2476.0,8.0
6,73.0,1783.0,7.0
7,64.0,2680.0,6.0
8,28.0,2118.0,4.0
9,28.0,1467.0,2.0
10,82.0,2074.0,14.0
11,82.0,2231.0,11.0
12,10.0,2074.0,10.0
13,37.0,2476.0,7.0
14,73.0,2163.0,9.0
15,55.0,2471.0,10.0
16,64.0,2028.0,2.0
17,1.0,1804.0,4.0
18,73.0,2105.0,5.0
19,55.0,2700.0,11.0
20,19.0,1237.0,5.0
21,73.0,1237.0,2.0
22,10.0,1772.0,7.0
23,37.0,1731.0,7.0
24,55.0,2488.0,7.0
25,1.0,2501.0,11.0
26,28.0,2416.0,8.0
27,28.0,2043.0,1.0
28,46.0,2105.0,13.0
29,64.0,1928.0,14.0
30,19.0,2476.0,3.0
31,73.0,2028.0,6.0
32,73.0,2105.0,1.0
33,37.0,1804.0,6.0
34,37.0,1731.0,8.0
35,64.0,2105.0,10.0
36,10.0,2796.0,10.0
37,73.0,1161.0,4.0
38,19.0,1237.0,7.0
39,10.0,2913.0,11.0
40,46.0,2501.0,1.0
41,46.0,1772.0,1.0
42,46.0,1161.0,9.0
43,73.0,1335.0,11.0
44,55.0,2936.0,2.0
45,19.0,2043.0,12.0
46,55.0,1797.0,10.0
47,1.0,1772.0,4.0
48,37.0,2098.0,9.0
49,55.0,2680.0,8.0
50,64.0,1731.0,6.0
51,73.0,2416.0,14.0
52,10.0,2074.0,13.0
53,19.0,2936.0,8.0
54,64.0,1928.0,4.0
55,1.0,2105.0,2.0
56,10.0,1772.0,9.0
57,37.0,1161.0,11.0
58,46.0,2028.0,10.0
59,19.0,2631.0,1.0
60,82.0,2416.0,11.0
61,37.0,1797.0,14.0
62,64.0,1797.0,11.0
63,1.0,2476.0,1.0
64,55.0,1797.0,5.0
65,1.0,1734.0,7.0
66,64.0,2074.0,4.0
67,82.0,2135.0,13.0
68,10.0,1161.0,11.0
69,82.0,1346.0,8.0
70,46.0,1284.0,9.0
71,19.0,2163.0,3.0
72,55.0,2796.0,6.0
73,73.0,1928.0,6.0
74,82.0,2043.0,5.0
75,37.0,1783.0,12.0
76,10.0,1783.0,4.0
77,10.0,2913.0,2.0
78,55.0,2501.0,8.0
79,82.0,2476.0,13.0
80,82.0,2796.0,3.0
81,64.0,2631.0,4.0
82,55.0,1734.0,5.0
83,28.0,2488.0,3.0
84,10.0,2105.0,11.0
85,10.0,1928.0,6.0
86,19.0,1783.0,6.0
87,46.0,2631.0,4.0
88,37.0,2700.0,10.0
89,46.0,2488.0,14.0
90,73.0,1161.0,9.0
91,73.0,1928.0,8.0
92,19.0,1284.0,9.0
93,64.0,2043.0,4.0
94,55.0,1804.0,7.0
95,28.0,1731.0,2.0
96,19.0,2043.0,3.0
97,10.0,2028.0,13.0
98,64.0,1284.0,13.0
99,1.0,2700.0,3.0
100,1.0,2231.0,10.0
101,1.0,1467.0,1.0
102,28.0,1731.0,12.0
103,1.0,2796.0,4.0
104,82.0,1797.0,5.0
105,64.0,1567.0,11.0
106,73.0,1928.0,5.0
107,1.0,2471.0,4.0
108,64.0,1459.0,14.0
109,19.0,2043.0,14.0
110,1.0,2118.0,5.0
111,10.0,2680.0,10.0
112,19.0,2098.0,7.0
113,37.0,2416.0,8.0
114,73.0,2074.0,12.0
115,55.0,1804.0,1.0
116,10.0,2501.0,1.0
117,82.0,2796.0,6.0
118,1.0,1734.0,2.0
119,82.0,2913.0,9.0
120,64.0,2476.0,5.0
121,37.0,2135.0,1.0
122,73.0,2631.0,5.0
123,46.0,1734.0,8.0
124,37.0,1467.0,11.0
125,82.0,1467.0,7.0
126,64.0,2700.0,11.0
127,46.0,2028.0,4.0
128,37.0,1346.0,9.0
129,19.0,1772.0,13.0
130,37.0,2488.0,9.0
131,1.0,1734.0,11.0
132,28.0,1734.0,6.0
133,37.0,2231.0,10.0
134,10.0,2488.0,7.0
135,73.0,2135.0,7.0
136,55.0,1237.0,8.0
137,19.0,2118.0,12.0
138,55.0,1797.0,2.0
139,28.0,2416.0,10.0
140,64.0,1783.0,6.0
141,19.0,2913.0,3.0
142,73.0,2098.0,8.0
143,19.0,2680.0,8.0
144,73.0,1346.0,4.0
145,46.0,1567.0,4.0
146,28.0,1734.0,7.0
147,28.0,1459.0,9.0
148,64.0,1284.0,11.0
149,64.0,1335.0,5.0
150,82.0,2135.0,5.0
151,82.0,1928.0,7.0
152,1.0,1237.0,4.0
153,19.0,1284.0,8.0
154,19.0,2105.0,6.0
155,1.0,2936.0,8.0
156,19.0,2105.0,1.0
157,28.0,2796.0,2.0
158,82.0,2631.0,14.0
159,19.0,2105.0,12.0
160,46.0,2163.0,9.0
161,82.0,2936.0,10.0
162,37.0,2476.0,5.0
163,82.0,1567.0,6.0
164,82.0,2105.0,3.0
165,73.0,1783.0,8.0
166,10.0,1731.0,12.0
167,1.0,2501.0,4.0
168,64.0,2680.0,2.0
169,46.0,1804.0,11.0
170,73.0,2631.0,9.0
171,19.0,2074.0,9.0
172,64.0,1467.0,12.0
173,73.0,2501.0,6.0
174,64.0,1284.0,7.0
175,10.0,2231.0,12.0
176,19.0,1731.0,4.0
177,82.0,2471.0,6.0
178,28.0,2488.0,10.0
179,55.0,2416.0,6.0
180,19.0,1467.0,6.0
181,55.0,1284.0,2.0
182,82.0,2098.0,3.0
183,1.0,2476.0,6.0
184,10.0,2135.0,1.0
185,73.0,2680.0,5.0
186,82.0,2105.0,9.0
187,82.0,2098.0,6.0
188,46.0,1335.0,8.0
189,55.0,2163.0,4.0
190,46.0,2135.0,1.0
191,37.0,1459.0,13.0
192,10.0,1237.0,7.0
193,1.0,2163.0,11.0
194,46.0,1567.0,14.0
195,37.0,2501.0,1.0
196,28.0,1734.0,1.0
197,73.0,1459.0,14.0
198,28.0,2043.0,8.0
199,46.0,1467.0,6.0
200,73.0,1804.0,14.0
201,1.0,2700.0,4.0
202,82.0,2796.0,11.0
203,19.0,2796.0,2.0
204,82.0,2416.0,1.0
205,46.0,2135.0,5.0
206,55.0,2913.0,13.0
207,1.0,2631.0,7.0
208,28.0,1772.0,5.0
209,19.0,2700.0,4.0
210,1.0,2700.0,1.0
211,46.0,2098.0,11.0
212,55.0,2700.0,12.0
213,73.0,2163.0,11.0
214,55.0,1731.0,6.0
215,19.0,1335.0,6.0
216,19.0,2098.0,8.0
217,55.0,1772.0,2.0
218,28.0,2043.0,11.0
219,82.0,2028.0,8.0
220,1.0,2501.0,2.0
221,19.0,2476.0,8.0
222,64.0,2488.0,3.0
223,64.0,1467.0,3.0
224,1.0,1284.0,12.0
225,28.0,2631.0,9.0
226,28.0,2936.0,9.0
227,1.0,1346.0,14.0
228,55.0,2163.0,1.0
229,55.0,1237.0,1.0
230,46.0,1567.0,3.0
231,10.0,2936.0,14.0
232,55.0,1335.0,5.0
233,82.0,1237.0,6.0
234,82.0,1567.0,4.0
235,28.0,1346.0,11.0
236,64.0,1928.0,7.0
237,46.0,1335.0,5.0
238,37.0,1772.0,2.0
239,28.0,1467.0,5.0
240,46.0,2105.0,5.0
241,64.0,1797.0,10.0
242,28.0,1772.0,13.0
243,10.0,1459.0,10.0
244,10.0,2471.0,1.0
245,46.0,1161.0,8.0
246,46.0,1731.0,1.0
247,37.0,1797.0,4.0
248,19.0,2700.0,12.0
249,73.0,2936.0,3.0
250,55.0,1783.0,10.0
251,37.0,1237.0,13.0
252,28.0,1734.0,9.0
253,1.0,2936.0,4.0
254,46.0,1783.0,4.0
255,64.0,2913.0,12.0
256,82.0,2631.0,10.0
257,28.0,1734.0,12.0
258,55.0,2913.0,2.0
259,46.0,1783.0,12.0
260,1.0,1459.0,2.0
261,64.0,1335.0,8.0
262,55.0,1804.0,5.0
263,1.0,2796.0,12.0
264,28.0,2796.0,14.0
265,82.0,2501.0,5.0
266,19.0,1346.0,7.0
267,19.0,1804.0,3.0
268,19.0,2471.0,3.0
269,28.0,2416.0,11.0
270,82.0,1567.0,1.0
271,37.0,1284.0,9.0
272,28.0,2163.0,14.0
273,64.0,1804.0,7.0
274,64.0,2416.0,13.0
275,28.0,1161.0,1.0
276,64.0,2936.0,2.0
277,1.0,2098.0,12.0
278,55.0,1567.0,1.0
279,55.0,1459.0,6.0
280,10.0,2631.0,14.0
281,37.0,1161.0,1.0
282,64.0,2936.0,1.0
283,73.0,1928.0,14.0
284,46.0,2118.0,4.0
285,73.0,2501.0,1.0
286,55.0,2163.0,6.0
287,19.0,2631.0,7.0
288,1.0,1467.0,7.0
289,82.0,2471.0,9.0
290,46.0,2118.0,5.0
291,73.0,2796.0,2.0
292,82.0,2471.0,10.0
293,82.0,2476.0,8.0
294,1.0,1335.0,12.0
295,46.0,2936.0,13.0
296,46.0,2796.0,3.0
297,82.0,2105.0,12.0
298,37.0,2471.0,7.0
299,19.0,1804.0,7.0
300,10.0,2098.0,9.0
301,46.0,2796.0,8.0
302,1.0,1346.0,5.0
303,82.0,1783.0,2.0
304,64.0,1335.0,14.0
305,10.0,2105.0,5.0
306,46.0,1797.0,2.0
307,19.0,2416.0,4.0
308,46.0,1335.0,3.0
309,82.0,1734.0,2.0
310,73.0,2028.0,3.0
311,82.0,2043.0,3.0
312,55.0,2476.0,2.0
313,28.0,2476.0,10.0
314,10.0,2680.0,3.0
315,64.0,1161.0,6.0
316,28.0,2098.0,6.0
317,37.0,2680.0,12.0
318,28.0,2476.0,6.0
319,37.0,2501.0,9.0
320,46.0,1797.0,13.0
321,73.0,1284.0,6.0
322,1.0,1928.0,4.0
323,46.0,2105.0,8.0
324,46.0,2098.0,6.0
325,73.0,1284.0,2.0
326,19.0,2631.0,9.0
327,82.0,2913.0,5.0
328,46.0,1335.0,11.0
329,1.0,2631.0,2.0
330,82.0,1567.0,12.0
331,10.0,2680.0,8.0
332,82.0,1459.0,6.0
333,1.0,1734.0,4.0
334,73.0,2098.0,3.0
335,28.0,1804.0,5.0
336,37.0,2913.0,8.0
337,28.0,2700.0,7.0
338,37.0,1928.0,8.0
339,19.0,2631.0,8.0
340,10.0,2631.0,11.0
341,46.0,2476.0,7.0
342,19.0,1734.0,11.0
343,82.0,1335.0,2.0
344,73.0,1161.0,2.0
345,46.0,2936.0,6.0
346,73.0,2416.0,2.0
347,46.0,1783.0,6.0
348,64.0,1797.0,3.0
349,82.0,2700.0,3.0
350,19.0,1567.0,11.0
351,28.0,1567.0,10.0
352,73.0,1734.0,7.0
353,10.0,2700.0,12.0
354,46.0,2796.0,6.0
355,10.0,2028.0,5.0
356,37.0,2118.0,3.0
357,64.0,2631.0,6.0
358,46.0,2680.0,14.0
359,82.0,1467.0,11.0
360,1.0,2488.0,9.0
361,46.0,1734.0,5.0
362,64.0,2135.0,4.0
363,1.0,1467.0,4.0
364,10.0,2105.0,12.0
365,10.0,2098.0,13.0
366,28.0,2105.0,1.0
367,1.0,1783.0,9.0
368,10.0,2471.0,5.0
369,82.0,1467.0,6.0
370,28.0,1772.0,3.0
371,10.0,2680.0,12.0
372,1.0,2631.0,3.0
373,28.0,1797.0,3.0
374,10.0,2913.0,6.0
375,28.0,1161.0,2.0
376,10.0,2028.0,11.0
377,19.0,1804.0,14.0
378,64.0,2936.0,6.0
379,82.0,2936.0,6.0
380,19.0,2936.0,3.0
381,28.0,1567.0,14.0
382,10.0,1772.0,2.0
383,1.0,2476.0,9.0
384,73.0,2700.0,3.0
385,82.0,2936.0,9.0
386,55.0,2913.0,5.0
387,28.0,1284.0,7.0
388,46.0,1772.0,8.0
389,37.0,2028.0,9.0
390,28.0,2936.0,14.0
391,37.0,1734.0,2.0
392,1.0,2501.0,10.0
393,28.0,2471.0,8.0
394,10.0,1161.0,8.0
395,19.0,2105.0,5.0
396,46.0,1335.0,6.0
397,37.0,1804.0,14.0
398,1.0,1467.0,6.0
399,55.0,2043.0,10.0
400,37.0,1284.0,5.0
401,10.0,1772.0,11.0
402,73.0,1734.0,8.0
403,37.0,2074.0,9.0
404,73.0,1731.0,4.0
405,10.0,2074.0,4.0
406,19.0,2043.0,6.0
407,82.0,1346.0,5.0
408,46.0,2098.0,5.0
409,46.0,1335.0,13.0
410,55.0,2488.0,12.0
411,64.0,1734.0,4.0
412,19.0,2913.0,5.0
413,37.0,1467.0,14.0
414,1.0,1284.0,6.0
415,10.0,1797.0,10.0
416,10.0,2163.0,3.0
417,19.0,1734.0,3.0
418,73.0,1731.0,13.0
419,46.0,1928.0,12.0
420,28.0,2476.0,12.0
421,28.0,1797.0,12.0
422,10.0,2796.0,13.0
423,28.0,2098.0,9.0
424,37.0,2118.0,14.0
425,28.0,2680.0,7.0
426,19.0,1237.0,1.0
427,73.0,1237.0,4.0
428,64.0,2231.0,7.0
429,19.0,1237.0,2.0
430,64.0,2105.0,9.0
431,37.0,1346.0,10.0
432,73.0,1731.0,7.0
433,46.0,2105.0,14.0
434,46.0,1734.0,10.0
435,19.0,2680.0,10.0
436,64.0,2105.0,2.0
437,64.0,2098.0,13.0
438,28.0,2163.0,5.0
439,37.0,1928.0,13.0
440,28.0,2913.0,6.0
441,55.0,2631.0,2.0
442,64.0,2936.0,14.0
443,46.0,2936.0,10.0
444,10.0,1928.0,7.0
445,1.0,2680.0,6.0
446,1.0,1284.0,7.0
447,19.0,1804.0,1.0
448,37.0,2098.0,14.0
449,37.0,2231.0,1.0
450,1.0,2118.0,6.0
451,1.0,2476.0,8.0
452,1.0,1335.0,14.0
453,73.0,1335.0,8.0
454,73.0,1783.0,4.0
455,82.0,1772.0,9.0
456,37.0,2098.0,2.0
457,46.0,2471.0,12.0
458,73.0,1346.0,2.0
459,37.0,2700.0,5.0
460,73.0,2098.0,13.0
461,28.0,1731.0,7.0
462,82.0,1459.0,2.0
463,82.0,1346.0,6.0
464,55.0,2163.0,12.0
465,1.0,2098.0,3.0
466,1.0,2163.0,13.0
467,19.0,2700.0,9.0
468,46.0,1928.0,5.0
469,64.0,2913.0,2.0
470,1.0,2476.0,5.0
471,46.0,2471.0,9.0
472,28.0,2105.0,10.0
473,10.0,2416.0,8.0
474,10.0,2028.0,10.0
475,28.0,1467.0,1.0
476,10.0,2231.0,2.0
477,64.0,1772.0,12.0
478,1.0,1567.0,10.0
479,19.0,2796.0,11.0
480,28.0,2118.0,3.0
481,82.0,1731.0,14.0
482,64.0,2098.0,9.0
483,55.0,2416.0,8.0
484,10.0,2231.0,1.0
485,73.0,1772.0,8.0
486,55.0,1772.0,12.0
487,73.0,2796.0,9.0
488,37.0,2631.0,14.0
489,64.0,2105.0,14.0
490,10.0,2118.0,10.0
491,64.0,1783.0,2.0
492,46.0,1772.0,3.0
493,73.0,2074.0,11.0
494,55.0,1237.0,14.0
495,55.0,2796.0,13.0
496,10.0,2476.0,13.0
497,64.0,1772.0,7.0
498,64.0,1731.0,7.0
499,73.0,2476.0,9.0
500,37.0,2631.0,4.0
501,37.0,2416.0,14.0
502,55.0,1731.0,10.0
503,46.0,2476.0,8.0
504,1.0,2471.0,10.0
505,19.0,1928.0,6.0
506,19.0,2488.0,2.0
507,82.0,2231.0,6.0
508,82.0,1284.0,10.0
509,46.0,1734.0,6.0
510,73.0,2471.0,3.0
511,19.0,2488.0,9.0
512,28.0,1346.0,12.0
513,28.0,1731.0,5.0
514,37.0,1459.0,12.0
515,28.0,2028.0,4.0
516,82.0,2074.0,8.0
517,19.0,1731.0,7.0
518,82.0,1731.0,3.0
519,1.0,2936.0,11.0
520,82.0,2118.0,6.0
521,1.0,1804.0,3.0
522,1.0,2098.0,5.0
523,28.0,1346.0,1.0
524,28.0,2105.0,3.0
525,73.0,2163.0,13.0
526,64.0,2163.0,3.0
527,73.0,2135.0,14.0
528,64.0,2913.0,9.0
529,64.0,2118.0,5.0
530,55.0,2043.0,6.0
531,37.0,2028.0,3.0
532,46.0,1731.0,2.0
533,10.0,2501.0,6.0
534,37.0,2476.0,13.0
535,82.0,2936.0,8.0
536,10.0,2631.0,3.0
537,73.0,2631.0,8.0
538,64.0,2476.0,6.0
539,10.0,1467.0,13.0
540,37.0,2488.0,1.0
541,28.0,2680.0,13.0
542,37.0,1335.0,3.0
543,46.0,1567.0,5.0
544,46.0,2680.0,12.0
545,28.0,2163.0,13.0
546,73.0,1567.0,5.0
547,73.0,1161.0,1.0
548,37.0,2471.0,9.0
549,37.0,2501.0,11.0
550,1.0,2631.0,14.0
551,64.0,2098.0,8.0
552,37.0,2074.0,4.0
553,1.0,1459.0,14.0
554,1.0,1567.0,9.0
555,37.0,2105.0,9.0
556,1.0,2416.0,5.0
557,1.0,2163.0,8.0
558,37.0,1237.0,3.0
559,1.0,1161.0,5.0
560,46.0,2631.0,14.0
561,10.0,1772.0,5.0
562,46.0,1237.0,11.0
563,73.0,1467.0,10.0
564,73.0,1237.0,13.0
565,10.0,1335.0,6.0
566,19.0,1284.0,11.0
567,19.0,2700.0,1.0
568,10.0,2476.0,11.0
569,46.0,1804.0,13.0
570,46.0,1804.0,6.0
571,82.0,1804.0,12.0
572,19.0,2074.0,1.0
573,64.0,1459.0,6.0
574,46.0,2231.0,2.0
575,28.0,2118.0,12.0
576,55.0,2163.0,7.0
577,64.0,1161.0,9.0
578,37.0,1284.0,13.0
579,73.0,2796.0,14.0
580,19.0,2680.0,4.0
581,82.0,1459.0,8.0
582,37.0,1734.0,13.0
583,28.0,1772.0,4.0
584,28.0,2105.0,11.0
585,37.0,2913.0,5.0
586,37.0,1346.0,5.0
587,1.0,2936.0,1.0
588,46.0,2074.0,10.0
589,73.0,1734.0,4.0
590,64.0,2471.0,4.0
591,28.0,1731.0,11.0
592,73.0,1459.0,2.0
593,19.0,2074.0,5.0
594,64.0,2118.0,11.0
595,19.0,2416.0,5.0
596,10.0,1783.0,8.0
597,55.0,1335.0,12.0
598,19.0,1161.0,5.0
599,19.0,1734.0,7.0
600,55.0,1928.0,4.0
601,73.0,2135.0,9.0
602,64.0,1797.0,8.0
603,46.0,2913.0,4.0
604,73.0,1467.0,5.0
605,28.0,1284.0,9.0
606,82.0,2135.0,4.0
607,55.0,1734.0,12.0
608,46.0,1284.0,12.0
609,1.0,2700.0,13.0
610,82.0,2488.0,1.0
611,82.0,2501.0,8.0
612,28.0,1284.0,11.0
613,19.0,2700.0,7.0
614,55.0,2105.0,11.0
615,82.0,2118.0,2.0
616,55.0,1459.0,12.0
617,10.0,1237.0,3.0
618,64.0,2135.0,5.0
619,28.0,2796.0,4.0
620,64.0,2501.0,5.0
621,82.0,1467.0,5.0
622,19.0,2163.0,10.0
623,1.0,1284.0,13.0
624,55.0,2135.0,1.0
625,37.0,1731.0,3.0
626,28.0,1161.0,11.0
627,1.0,2074.0,10.0
628,37.0,2098.0,8.0
629,1.0,1284.0,3.0
630,28.0,2231.0,6.0
631,1.0,2105.0,8.0
632,10.0,2163.0,5.0
633,19.0,1467.0,7.0
634,1.0,2416.0,14.0
635,10.0,2488.0,9.0
636,73.0,2501.0,14.0
637,28.0,1797.0,14.0
638,55.0,1346.0,11.0
639,55.0,2105.0,3.0
640,10.0,2074.0,3.0
641,64.0,2501.0,8.0
642,64.0,1772.0,4.0
643,73.0,1161.0,14.0
644,10.0,2416.0,2.0
645,82.0,1928.0,5.0
646,73.0,2936.0,5.0
647,1.0,2028.0,7.0
648,28.0,2700.0,6.0
649,37.0,1734.0,5.0
650,46.0,1161.0,1.0
651,19.0,1772.0,7.0
652,46.0,2416.0,9.0
653,10.0,2163.0,9.0
654,46.0,2796.0,1.0
655,82.0,2416.0,12.0
656,19.0,1804.0,2.0
657,28.0,1237.0,6.0
658,46.0,2105.0,1.0
659,73.0,2631.0,12.0
660,10.0,2488.0,10.0
661,28.0,2936.0,8.0
662,64.0,1928.0,13.0
663,46.0,1567.0,7.0
664,46.0,1772.0,12.0
665,1.0,2043.0,2.0
666,37.0,1346.0,7.0
667,46.0,2043.0,4.0
668,82.0,1237.0,14.0
669,37.0,2913.0,7.0
670,82.0,1161.0,1.0
671,55.0,1161.0,2.0
672,37.0,2135.0,3.0
673,19.0,2680.0,14.0
674,73.0,2163.0,7.0
675,37.0,1731.0,9.0
676,1.0,2796.0,2.0
677,55.0,1335.0,9.0
678,64.0,1731.0,5.0
679,1.0,2028.0,9.0
680,46.0,2700.0,1.0
681,28.0,1467.0,10.0
682,19.0,2796.0,6.0
683,46.0,2913.0,12.0
684,55.0,2501.0,3.0
685,64.0,2476.0,1.0
686,28.0,2488.0,11.0
687,55.0,2680.0,12.0
688,10.0,2098.0,5.0
689,55.0,2028.0,2.0
690,82.0,2231.0,1.0
691,19.0,2501.0,10.0
692,19.0,2105.0,2.0
693,64.0,2796.0,9.0
694,64.0,1335.0,7.0
695,37.0,2098.0,6.0
696,82.0,2471.0,5.0
697,64.0,1928.0,6.0
698,46.0,2043.0,13.0
699,82.0,1161.0,8.0
700,10.0,1467.0,11.0
701,1.0,2118.0,13.0
702,19.0,2416.0,2.0
703,55.0,1797.0,11.0
704,64.0,1567.0,5.0
705,1.0,1237.0,7.0
706,28.0,1467.0,7.0
707,82.0,1346.0,3.0
708,1.0,1928.0,11.0
709,10.0,2135.0,14.0
710,28.0,2135.0,7.0
711,64.0,2074.0,10.0
712,73.0,2231.0,7.0
713,46.0,2043.0,12.0
714,82.0,1772.0,6.0
715,28.0,2043.0,10.0
716,64.0,1783.0,12.0
717,46.0,1928.0,8.0
718,46.0,2028.0,14.0
719,55.0,1346.0,1.0
720,82.0,2680.0,3.0
721,37.0,2135.0,7.0
722,28.0,1161.0,13.0
723,64.0,2163.0,1.0
724,46.0,1804.0,12.0
725,46.0,2098.0,2.0
726,55.0,1731.0,12.0
727,55.0,2471.0,4.0
728,82.0,2074.0,4.0
729,55.0,2098.0,3.0
730,46.0,2416.0,7.0
731,10.0,2135.0,5.0
732,28.0,2098.0,8.0
733,10.0,2936.0,5.0
734,55.0,1928.0,14.0
735,64.0,2631.0,11.0
736,55.0,2416.0,5.0
737,19.0,1284.0,4.0
738,37.0,2936.0,6.0
739,82.0,1731.0,12.0
740,46.0,1567.0,8.0
741,37.0,2028.0,8.0
742,64.0,1734.0,11.0
743,64.0,2105.0,4.0
744,73.0,1346.0,14.0
745,46.0,2163.0,13.0
746,73.0,2501.0,13.0
747,55.0,1804.0,14.0
748,28.0,1731.0,1.0
749,46.0,2471.0,6.0
750,82.0,2936.0,1.0
751,46.0,2043.0,1.0
752,37.0,1928.0,5.0
753,64.0,1928.0,10.0
754,10.0,2796.0,1.0
755,46.0,1783.0,8.0
756,1.0,2163.0,3.0
757,37.0,2680.0,4.0
758,46.0,2501.0,11.0
759,55.0,1459.0,14.0
760,10.0,1734.0,3.0
761,1.0,1346.0,10.0
762,10.0,1804.0,1.0
763,46.0,1783.0,5.0
764,55.0,1237.0,10.0
765,46.0,2936.0,2.0
766,28.0,2105.0,12.0
767,64.0,1783.0,3.0
768,37.0,1783.0,3.0
769,37.0,2118.0,9.0
770,73.0,2163.0,12.0
771,64.0,1928.0,3.0
772,73.0,1797.0,2.0
773,82.0,2471.0,12.0
774,46.0,2631.0,2.0
775,82.0,2936.0,13.0
776,28.0,2680.0,10.0
777,37.0,2488.0,5.0
778,28.0,1772.0,2.0
779,37.0,2118.0,11.0
780,46.0,1804.0,1.0
781,64.0,2135.0,3.0
782,10.0,2471.0,4.0
783,82.0,1783.0,6.0
784,73.0,2135.0,6.0
785,64.0,2118.0,3.0
786,1.0,1797.0,10.0
787,55.0,1928.0,7.0
788,82.0,2796.0,10.0
789,1.0,1804.0,13.0
790,10.0,2471.0,10.0
791,55.0,1284.0,4.0
792,19.0,1335.0,10.0
793,10.0,2501.0,11.0
794,82.0,2135.0,7.0
795,1.0,2231.0,3.0
796,46.0,2476.0,5.0
797,1.0,2488.0,4.0
798,10.0,2796.0,12.0
799,82.0,2231.0,2.0
800,82.0,2098.0,13.0
801,55.0,1928.0,11.0
802,1.0,2488.0,2.0
803,1.0,2135.0,7.0
804,19.0,1467.0,14.0
805,28.0,2913.0,11.0
806,55.0,1772.0,7.0
807,64.0,2471.0,6.0
808,73.0,1567.0,11.0
809,37.0,1237.0,8.0
810,64.0,2163.0,12.0
811,28.0,2135.0,4.0
812,10.0,1161.0,6.0
813,73.0,2700.0,12.0
814,73.0,2074.0,13.0
815,82.0,1734.0,5.0
816,82.0,2043.0,9.0
817,46.0,1783.0,11.0
818,1.0,2118.0,8.0
819,37.0,1804.0,9.0
820,64.0,2105.0,8.0
821,73.0,1772.0,14.0
822,73.0,2231.0,14.0
823,46.0,1928.0,1.0
824,28.0,2796.0,10.0
825,10.0,2163.0,4.0
826,46.0,1772.0,4.0
827,82.0,1567.0,11.0
828,10.0,2098.0,4.0
829,10.0,1161.0,10.0
830,19.0,2680.0,9.0
831,46.0,2476.0,12.0
832,64.0,1467.0,2.0
833,46.0,1459.0,8.0
834,19.0,2028.0,13.0
835,73.0,2105.0,7.0
836,73.0,1284.0,5.0
837,19.0,1797.0,9.0
838,28.0,2074.0,5.0
839,28.0,1567.0,12.0
840,73.0,2913.0,13.0
841,10.0,2118.0,9.0
842,37.0,1797.0,1.0
843,82.0,1346.0,7.0
844,1.0,1928.0,7.0
845,1.0,1161.0,12.0
846,10.0,2700.0,2.0
847,64.0,1467.0,1.0
848,37.0,1284.0,11.0
849,64.0,2118.0,7.0
850,28.0,2680.0,8.0
851,10.0,1804.0,4.0
852,1.0,1335.0,3.0
853,10.0,1346.0,7.0
854,19.0,1467.0,5.0
855,37.0,1783.0,2.0
856,28.0,1797.0,2.0
857,82.0,1731.0,13.0
858,28.0,2118.0,10.0
859,1.0,1772.0,1.0
860,1.0,2700.0,9.0
861,55.0,2074.0,13.0
862,19.0,2028.0,11.0
863,46.0,2796.0,10.0
864,28.0,1237.0,9.0
865,19.0,1797.0,7.0
866,19.0,2471.0,14.0
867,46.0,1467.0,10.0
868,37.0,2416.0,9.0
869,37.0,2936.0,1.0
870,10.0,1346.0,1.0
871,55.0,1783.0,11.0
872,28.0,2471.0,2.0
873,19.0,2105.0,7.0
874,37.0,1284.0,8.0
875,28.0,1284.0,12.0
876,10.0,2476.0,4.0
877,46.0,2231.0,10.0
878,10.0,2488.0,12.0
879,64.0,1734.0,3.0
880,64.0,2231.0,1.0
881,37.0,2231.0,6.0
882,1.0,1161.0,9.0
883,55.0,2913.0,8.0
884,64.0,1335.0,11.0
885,73.0,1459.0,1.0
886,19.0,2501.0,7.0
887,64.0,2105.0,13.0
888,28.0,2043.0,13.0
889,73.0,2501.0,11.0
890,82.0,2796.0,1.0
891,82.0,1734.0,6.0
892,55.0,2488.0,9.0
893,28.0,1467.0,14.0
894,82.0,1772.0,2.0
895,82.0,1734.0,8.0
896,82.0,1804.0,13.0
897,10.0,2700.0,9.0
898,55.0,1346.0,12.0
899,37.0,2163.0,11.0
900,73.0,1804.0,13.0
901,82.0,2501.0,1.0
902,1.0,1161.0,14.0
903,55.0,1731.0,11.0
904,64.0,2231.0,14.0
905,64.0,2488.0,4.0
906,55.0,2135.0,9.0
907,46.0,2913.0,7.0
908,37.0,2074.0,7.0
909,28.0,2118.0,5.0
910,55.0,1284.0,13.0
911,1.0,2098.0,14.0
912,1.0,2231.0,9.0
913,37.0,2074.0,1.0
914,46.0,1567.0,11.0
915,1.0,1237.0,9.0
916,37.0,2913.0,13.0
917,55.0,1284.0,10.0
918,55.0,1567.0,13.0
919,73.0,2416.0,4.0
920,82.0,1161.0,11.0
921,1.0,1731.0,14.0
922,73.0,2913.0,8.0
923,55.0,2231.0,6.0
924,46.0,2163.0,8.0
925,37.0,1161.0,4.0
926,1.0,1567.0,2.0
927,46.0,2231.0,12.0
928,73.0,1928.0,9.0
929,55.0,1161.0,9.0
930,55.0,1459.0,9.0
931,46.0,1731.0,13.0
932,73.0,1804.0,6.0
933,82.0,2476.0,11.0
934,82.0,1237.0,2.0
935,19.0,2074.0,14.0
936,1.0,2416.0,2.0
937,73.0,1237.0,9.0
938,64.0,1772.0,9.0
939,19.0,1467.0,11.0
940,64.0,2913.0,1.0
941,10.0,1346.0,4.0
942,82.0,1237.0,4.0
943,55.0,1734.0,4.0
944,37.0,2118.0,7.0
945,46.0,2501.0,13.0
946,64.0,2416.0,8.0
947,73.0,1567.0,7.0
948,28.0,1567.0,3.0
949,19.0,2796.0,8.0
950,64.0,2135.0,2.0
951,10.0,1459.0,6.0
952,19.0,1467.0,4.0
953,28.0,2074.0,2.0
954,10.0,1237.0,12.0
955,1.0,1783.0,5.0
956,64.0,2118.0,1.0
957,37.0,1772.0,3.0
958,37.0,2098.0,13.0
959,37.0,1335.0,8.0
960,1.0,2231.0,4.0
961,55.0,2043.0,9.0
962,55.0,1459.0,5.0
963,28.0,2105.0,8.0
964,82.0,2074.0,6.0
965,1.0,2098.0,10.0
966,28.0,1772.0,1.0
967,1.0,2488.0,14.0
968,10.0,1284.0,5.0
969,64.0,1237.0,3.0
970,64.0,2631.0,2.0
971,19.0,1284.0,10.0
972,55.0,1783.0,6.0
973,55.0,2105.0,5.0
974,73.0,1467.0,14.0
975,37.0,2028.0,7.0
976,28.0,2476.0,14.0
977,28.0,1731.0,4.0
978,55.0,1467.0,4.0
979,28.0,1783.0,10.0
980,37.0,1467.0,6.0
981,82.0,1734.0,7.0
982,55.0,2936.0,11.0
983,73.0,2471.0,10.0
984,10.0,2796.0,6.0
985,46.0,1161.0,11.0
986,55.0,1237.0,9.0
987,46.0,2074.0,5.0
988,73.0,1161.0,6.0
989,19.0,2680.0,1.0
990,1.0,1804.0,11.0
991,19.0,2105.0,3.0
992,55.0,2105.0,9.0
993,28.0,1161.0,5.0
994,64.0,1459.0,4.0
995,55.0,2043.0,7.0
996,28.0,2471.0,14.0
997,1.0,2074.0,7.0
998,55.0,2028.0,9.0
999,37.0,2488.0,11.0
1000,64.0,1734.0,14.0
1001,10.0,2416.0,6.0
1002,1.0,2700.0,7.0
1003,46.0,2631.0,8.0
1004,19.0,2631.0,6.0
1005,28.0,1567.0,5.0
1006,64.0,1797.0,12.0
1007,73.0,1783.0,5.0
1008,82.0,1346.0,2.0
1009,73.0,1783.0,3.0
1010,46.0,1928.0,11.0
1011,46.0,1237.0,5.0
1012,19.0,1346.0,12.0
1013,46.0,1459.0,12.0
1014,82.0,2936.0,11.0
1015,1.0,2488.0,6.0
1016,19.0,2631.0,10.0
1017,10.0,2118.0,5.0
1018,46.0,2476.0,13.0
1019,19.0,2488.0,1.0
1020,10.0,2488.0,1.0
1021,46.0,1567.0,9.0
1022,1.0,2163.0,10.0
1023,46.0,2631.0,13.0
1024,46.0,1467.0,4.0
1025,1.0,2476.0,13.0
1026,82.0,1284.0,8.0
1027,10.0,1161.0,12.0
1028,10.0,1335.0,4.0
1029,64.0,1734.0,9.0
1030,10.0,1467.0,6.0
1031,82.0,1804.0,6.0
1032,10.0,2631.0,1.0
1033,1.0,2105.0,13.0
1034,55.0,2416.0,2.0
1035,73.0,2680.0,2.0
1036,37.0,1797.0,9.0
1037,10.0,2913.0,3.0
1038,10.0,1459.0,11.0
1039,73.0,1734.0,11.0
1040,64.0,2936.0,7.0
1041,28.0,2913.0,13.0
1042,19.0,2163.0,9.0
1043,55.0,1731.0,14.0
1044,37.0,1804.0,11.0
1045,37.0,2913.0,2.0
1046,37.0,2680.0,13.0
1047,19.0,1797.0,11.0
1048,55.0,2098.0,12.0
1049,1.0,1237.0,13.0
1050,37.0,2913.0,11.0
1051,82.0,1797.0,3.0
1052,82.0,2105.0,2.0
1053,73.0,1928.0,12.0
1054,73.0,2700.0,14.0
1055,46.0,1797.0,5.0
1056,82.0,2631.0,5.0
1057,82.0,2074.0,2.0
1058,19.0,2476.0,13.0
1059,46.0,2631.0,7.0
1060,10.0,2231.0,7.0
1061,64.0,2118.0,10.0
1062,82.0,2913.0,4.0
1063,1.0,1161.0,3.0
1064,10.0,1928.0,9.0
1065,19.0,2416.0,8.0
1066,55.0,2135.0,3.0
1067,28.0,2488.0,2.0
1068,64.0,1335.0,12.0
1069,1.0,1346.0,8.0
1070,1.0,1237.0,10.0
1071,46.0,2231.0,9.0
1072,1.0,1335.0,5.0
1073,46.0,1237.0,1.0
1074,37.0,1335.0,11.0
1075,28.0,2476.0,2.0
1076,1.0,1772.0,11.0
1077,55.0,2163.0,13.0
1078,64.0,2118.0,12.0
1079,46.0,2631.0,3.0
1080,1.0,2098.0,13.0
1081,55.0,1734.0,9.0
1082,55.0,1467.0,7.0
1083,46.0,2135.0,3.0
1084,55.0,2680.0,4.0
1085,10.0,1567.0,4.0
1086,10.0,1335.0,2.0
1087,37.0,2700.0,8.0
1088,19.0,1797.0,14.0
1089,46.0,2913.0,10.0
1090,37.0,1237.0,5.0
1091,28.0,2501.0,8.0
1092,1.0,1237.0,8.0
1093,46.0,1783.0,9.0
1094,82.0,2098.0,8.0
1095,37.0,2936.0,12.0
1096,37.0,2163.0,7.0
1097,64.0,2098.0,2.0
1098,19.0,2680.0,13.0
1099,82.0,1734.0,9.0
1100,64.0,2796.0,8.0
1101,19.0,2098.0,11.0
1102,55.0,1783.0,9.0
1103,10.0,2913.0,4.0
1104,64.0,1783.0,7.0
1105,55.0,1928.0,10.0
1106,82.0,1459.0,14.0
1107,55.0,1804.0,10.0
1108,73.0,2074.0,2.0
1109,64.0,1804.0,12.0
1110,55.0,2118.0,9.0
1111,73.0,2098.0,7.0
1112,82.0,1928.0,2.0
1113,28.0,1783.0,14.0
1114,46.0,1467.0,14.0
1115,55.0,1804.0,12.0
1116,28.0,2796.0,3.0
1117,1.0,1928.0,3.0
1118,73.0,1161.0,11.0
1119,19.0,2416.0,9.0
1120,55.0,1772.0,1.0
1121,28.0,1783.0,12.0
1122,19.0,2501.0,2.0
1123,82.0,1797.0,11.0
1124,37.0,1928.0,2.0
1125,10.0,2796.0,2.0
1126,55.0,2043.0,4.0
1127,28.0,2913.0,1.0
1128,10.0,2416.0,3.0
1129,1.0,2631.0,11.0
1130,64.0,2231.0,9.0
1131,1.0,1797.0,12.0
1132,10.0,1804.0,7.0
1133,37.0,2476.0,10.0
1134,28.0,1459.0,7.0
1135,55.0,2105.0,10.0
1136,82.0,1335.0,7.0
1137,1.0,2501.0,12.0
1138,10.0,1731.0,1.0
1139,64.0,1567.0,10.0
1140,55.0,2135.0,12.0
1141,37.0,2416.0,13.0
1142,37.0,2471.0,1.0
1143,19.0,2416.0,1.0
1144,19.0,1731.0,12.0
1145,64.0,2680.0,10.0
1146,1.0,1797.0,7.0
1147,28.0,1161.0,3.0
1148,28.0,2680.0,5.0
1149,55.0,2135.0,11.0
1150,10.0,2028.0,14.0
1151,10.0,2631.0,9.0
1152,64.0,1459.0,8.0
1153,82.0,1804.0,4.0
1154,82.0,2105.0,7.0
1155,46.0,2043.0,6.0
1156,82.0,1928.0,11.0
1157,64.0,1459.0,5.0
1158,64.0,1237.0,9.0
1159,73.0,2680.0,4.0
1160,73.0,1567.0,8.0
1161,64.0,2631.0,3.0
1162,73.0,2028.0,4.0
1163,28.0,1346.0,3.0
1164,46.0,1161.0,13.0
1165,37.0,1567.0,7.0
1166,1.0,1237.0,5.0
1167,10.0,1284.0,13.0
1168,55.0,1928.0,8.0
1169,82.0,1161.0,14.0
1170,37.0,2936.0,13.0
1171,46.0,2118.0,12.0
1172,37.0,1161.0,14.0
1173,46.0,1335.0,14.0
1174,64.0,2476.0,7.0
1175,82.0,1567.0,9.0
1176,55.0,2488.0,14.0
1177,19.0,2231.0,9.0
1178,37.0,2796.0,10.0
1179,73.0,2231.0,8.0
1180,64.0,2163.0,10.0
1181,1.0,2476.0,2.0
1182,1.0,2163.0,9.0
1183,64.0,1734.0,13.0
1184,10.0,1928.0,11.0
1185,10.0,2471.0,7.0
1186,19.0,1459.0,6.0
1187,73.0,1335.0,7.0
1188,82.0,1237.0,3.0
1189,28.0,2105.0,14.0
1190,73.0,2796.0,7.0
1191,46.0,2098.0,7.0
1192,28.0,1783.0,4.0
1193,28.0,2135.0,11.0
1194,46.0,1772.0,10.0
1195,46.0,2680.0,10.0
1196,28.0,2416.0,4.0
1197,64.0,2416.0,6.0
1198,82.0,2796.0,5.0
1199,37.0,1467.0,10.0
1200,55.0,1335.0,8.0
1201,82.0,2700.0,2.0
1202,64.0,1797.0,9.0
1203,82.0,2416.0,3.0
1204,28.0,2700.0,10.0
1205,10.0,2118.0,8.0
1206,82.0,2043.0,10.0
1207,73.0,2631.0,4.0
1208,19.0,2105.0,10.0
1209,28.0,2105.0,5.0
1210,1.0,1734.0,3.0
1211,82.0,2074.0,5.0
1212,28.0,2501.0,2.0
1213,37.0,1459.0,8.0
1214,46.0,2135.0,11.0
1215,55.0,2700.0,4.0
1216,82.0,2471.0,1.0
1217,73.0,2163.0,3.0
1218,19.0,2135.0,11.0
1219,37.0,1346.0,14.0
1220,28.0,1346.0,10.0
1221,46.0,2098.0,9.0
1222,28.0,1804.0,2.0
1223,64.0,2074.0,5.0
1224,37.0,2028.0,2.0
1225,28.0,1928.0,5.0
1226,55.0,2936.0,6.0
1227,64.0,2501.0,7.0
1228,82.0,1161.0,3.0
1229,37.0,2476.0,9.0
1230,1.0,2796.0,1.0
1231,19.0,2231.0,2.0
1232,64.0,1284.0,1.0
1233,73.0,1335.0,1.0
1234,19.0,2631.0,12.0
1235,28.0,2631.0,2.0
1236,10.0,1161.0,14.0
1237,28.0,2488.0,5.0
1238,82.0,2476.0,10.0
1239,1.0,2118.0,7.0
1240,37.0,1734.0,12.0
1241,37.0,2074.0,14.0
1242,55.0,2501.0,5.0
1243,64.0,1797.0,14.0
1244,73.0,1467.0,7.0
1245,73.0,2043.0,13.0
1246,1.0,2074.0,13.0
1247,28.0,1734.0,13.0
1248,46.0,2163.0,11.0
1249,37.0,2913.0,12.0
1250,37.0,2163.0,14.0
1251,37.0,1467.0,9.0
1252,10.0,2416.0,12.0
1253,19.0,2028.0,9.0
1254,64.0,1731.0,12.0
1255,73.0,1346.0,8.0
1256,82.0,2631.0,11.0
1257,19.0,1459.0,10.0
1258,10.0,2118.0,13.0
1259,46.0,2700.0,13.0
1260,82.0,2471.0,13.0
1261,37.0,1772.0,8.0
1262,55.0,2936.0,5.0
1263,82.0,1237.0,12.0
1264,82.0,2488.0,10.0
1265,46.0,2028.0,11.0
1266,10.0,2163.0,8.0
1267,46.0,1797.0,10.0
1268,28.0,1567.0,11.0
1269,73.0,1928.0,2.0
1270,55.0,1797.0,12.0
1271,19.0,1772.0,8.0
1272,19.0,2416.0,3.0
1273,64.0,2163.0,13.0
1274,46.0,2700.0,3.0
1275,82.0,1467.0,2.0
1276,19.0,1731.0,2.0
1277,28.0,2098.0,1.0
1278,10.0,2105.0,10.0
1279,1.0,1783.0,12.0
1280,46.0,1284.0,2.0
1281,28.0,1928.0,11.0
1282,19.0,2163.0,12.0
1283,28.0,1237.0,2.0
1284,64.0,1567.0,1.0
1285,28.0,1284.0,10.0
1286,19.0,2118.0,8.0
1287,55.0,1237.0,12.0
1288,1.0,1734.0,1.0
1289,28.0,1928.0,4.0
1290,10.0,2913.0,5.0
1291,64.0,2631.0,12.0
1292,64.0,1567.0,13.0
1293,28.0,2913.0,10.0
1294,64.0,1459.0,9.0
1295,19.0,2913.0,1.0
1296,46.0,1731.0,3.0
1297,46.0,1459.0,5.0
1298,28.0,1804.0,6.0
1299,37.0,1783.0,1.0
1300,82.0,1804.0,8.0
1301,46.0,2231.0,7.0
1302,73.0,2105.0,10.0
1303,19.0,1467.0,13.0
1304,10.0,1335.0,1.0
1305,46.0,1346.0,2.0
1306,73.0,2135.0,12.0
1307,64.0,2135.0,13.0
1308,73.0,1734.0,6.0
1309,1.0,2913.0,5.0
1310,64.0,2631.0,8.0
1311,82.0,2105.0,14.0
1312,10.0,2098.0,12.0
1313,82.0,1284.0,14.0
1314,19.0,2631.0,2.0
1315,28.0,2936.0,11.0
1316,64.0,1928.0,1.0
1317,37.0,1237.0,6.0
1318,55.0,1928.0,2.0
1319,46.0,2680.0,3.0
1320,1.0,1783.0,13.0
1321,28.0,2796.0,7.0
1322,73.0,2680.0,11.0
1323,73.0,2796.0,13.0
1324,82.0,2476.0,4.0
1325,64.0,1237.0,14.0
1326,55.0,2501.0,2.0
1327,73.0,2476.0,5.0
1328,64.0,2476.0,8.0
1329,1.0,2416.0,11.0
1330,1.0,1467.0,10.0
1331,37.0,2416.0,4.0
1332,46.0,2471.0,5.0
1333,64.0,1335.0,9.0
1334,46.0,2700.0,12.0
1335,73.0,1731.0,1.0
1336,46.0,2074.0,2.0
1337,10.0,1346.0,3.0
1338,82.0,1928.0,1.0
1339,73.0,2231.0,5.0
1340,37.0,1459.0,4.0
1341,10.0,1346.0,6.0
1342,37.0,1467.0,12.0
1343,1.0,2680.0,9.0
1344,10.0,1928.0,3.0
1345,64.0,2476.0,12.0
1346,37.0,2163.0,5.0
1347,82.0,1928.0,6.0
1348,82.0,1467.0,9.0
1349,10.0,2135.0,6.0
1350,64.0,2074.0,2.0
1351,64.0,2488.0,13.0
1352,46.0,2680.0,4.0
1353,37.0,2476.0,11.0
1354,55.0,2471.0,9.0
1355,46.0,2105.0,12.0
1356,64.0,2043.0,12.0
1357,64.0,2043.0,9.0
1358,37.0,2416.0,7.0
1359,55.0,2416.0,10.0
1360,19.0,1731.0,6.0
1361,73.0,2476.0,6.0
1362,73.0,2913.0,6.0
1363,82.0,1335.0,5.0
1364,19.0,1783.0,14.0
1365,1.0,2231.0,11.0
1366,46.0,1797.0,4.0
1367,55.0,1467.0,9.0
1368,37.0,2074.0,6.0
1369,37.0,1928.0,14.0
1370,46.0,1928.0,2.0
1371,19.0,1734.0,10.0
1372,37.0,2105.0,10.0
1373,28.0,1284.0,13.0
1374,10.0,2118.0,11.0
1375,82.0,1731.0,4.0
1376,55.0,2936.0,1.0
1377,73.0,2501.0,12.0
1378,46.0,2416.0,3.0
1379,37.0,2163.0,10.0
1380,64.0,1161.0,12.0
1381,19.0,2135.0,8.0
1382,10.0,1459.0,2.0
1383,28.0,2231.0,12.0
1384,73.0,2631.0,1.0
1385,10.0,1783.0,5.0
1386,10.0,1459.0,5.0
1387,10.0,1804.0,2.0
1388,73.0,2118.0,2.0
1389,64.0,1459.0,12.0
1390,46.0,2700.0,7.0
1391,46.0,2700.0,14.0
1392,64.0,1237.0,10.0
1393,19.0,2913.0,13.0
1394,19.0,2631.0,4.0
1395,19.0,2631.0,14.0
1396,1.0,1284.0,2.0
1397,1.0,2501.0,14.0
1398,37.0,1783.0,7.0
1399,37.0,2163.0,2.0
1400,55.0,1467.0,11.0
1401,55.0,2796.0,12.0
1402,19.0,2476.0,6.0
1403,82.0,1161.0,9.0
1404,64.0,2118.0,9.0
1405,10.0,2231.0,14.0
1406,73.0,2028.0,7.0
1407,55.0,2118.0,7.0
1408,64.0,1772.0,6.0
1409,73.0,2231.0,3.0
1410,55.0,2488.0,8.0
1411,1.0,2043.0,12.0
1412,73.0,1797.0,5.0
1413,64.0,2231.0,5.0
1414,37.0,2700.0,13.0
1415,55.0,1797.0,8.0
1416,10.0,1567.0,13.0
1417,28.0,2416.0,1.0
1418,1.0,2135.0,4.0
1419,37.0,2043.0,14.0
1420,55.0,2700.0,3.0
1421,55.0,2098.0,9.0
1422,55.0,2913.0,12.0
1423,10.0,2098.0,10.0
1424,28.0,1467.0,6.0
1425,10.0,1734.0,12.0
1426,10.0,2098.0,7.0
1427,55.0,2936.0,7.0
1428,55.0,1335.0,3.0
1429,19.0,2118.0,1.0
1430,1.0,1335.0,11.0
1431,64.0,1797.0,6.0
1432,19.0,2135.0,12.0
1433,55.0,2231.0,14.0
1434,73.0,1797.0,3.0
1435,10.0,2796.0,5.0
1436,82.0,2680.0,4.0
1437,10.0,1731.0,13.0
1438,64.0,2098.0,1.0
1439,19.0,2913.0,12.0
1440,64.0,2231.0,13.0
1441,28.0,2231.0,10.0
1442,55.0,2028.0,6.0
1443,64.0,1772.0,1.0
1444,19.0,2416.0,11.0
1445,73.0,2913.0,12.0
1446,55.0,1734.0,10.0
1447,28.0,2118.0,14.0
1448,73.0,1783.0,2.0
1449,19.0,2476.0,11.0
1450,55.0,1467.0,5.0
1451,64.0,1567.0,12.0
1452,55.0,2501.0,6.0
1453,37.0,1335.0,13.0
1454,1.0,2476.0,3.0
1455,46.0,1797.0,3.0
1456,73.0,2936.0,11.0
1457,46.0,1928.0,10.0
1458,73.0,2118.0,14.0
1459,46.0,2135.0,14.0
1460,37.0,2074.0,2.0
1461,10.0,2416.0,5.0
1462,73.0,1797.0,14.0
1463,10.0,1335.0,11.0
1464,10.0,1797.0,6.0
1465,64.0,2488.0,6.0
1466,19.0,2471.0,7.0
1467,10.0,1797.0,12.0
1468,19.0,2098.0,13.0
1469,64.0,2700.0,14.0
1470,73.0,2043.0,9.0
1471,37.0,2074.0,12.0
1472,64.0,2913.0,6.0
1473,37.0,2936.0,4.0
1474,1.0,1346.0,2.0
1475,1.0,1928.0,13.0
1476,82.0,1161.0,6.0
1477,10.0,1567.0,5.0
1478,1.0,2028.0,13.0
1479,37.0,1772.0,7.0
1480,73.0,1346.0,13.0
1481,64.0,1237.0,11.0
1482,64.0,2471.0,8.0
1483,19.0,2700.0,11.0
1484,82.0,2680.0,7.0
1485,73.0,2416.0,3.0
1486,19.0,2700.0,2.0
1487,10.0,2700.0,1.0
1488,55.0,2118.0,14.0
1489,19.0,1459.0,8.0
1490,28.0,1284.0,3.0
1491,19.0,2913.0,11.0
1492,37.0,1237.0,7.0
1493,37.0,2074.0,8.0
1494,55.0,2118.0,1.0
1495,64.0,1467.0,10.0
1496,1.0,2700.0,12.0
1497,10.0,1804.0,3.0
1498,82.0,2936.0,14.0
1499,82.0,2231.0,3.0
1500,28.0,1772.0,14.0
1501,82.0,1731.0,10.0
1502,19.0,2231.0,11.0
1503,46.0,1284.0,1.0
1504,19.0,2231.0,10.0
1505,19.0,1783.0,12.0
1506,82.0,2471.0,3.0
1507,82.0,2501.0,14.0
1508,1.0,1284.0,9.0
1509,46.0,1161.0,6.0
1510,19.0,2163.0,1.0
1511,19.0,2028.0,1.0
1512,55.0,2074.0,5.0
1513,19.0,1804.0,11.0
1514,10.0,2796.0,7.0
1515,19.0,2796.0,1.0
1516,1.0,1734.0,13.0
1517,73.0,2098.0,2.0
1518,10.0,2118.0,12.0
1519,73.0,2631.0,11.0
1520,37.0,2936.0,2.0
1521,10.0,1804.0,13.0
1522,46.0,1772.0,2.0
1523,1.0,1459.0,7.0
1524,28.0,2680.0,6.0
1525,28.0,2631.0,4.0
1526,1.0,2231.0,12.0
1527,73.0,1772.0,13.0
1528,37.0,1567.0,2.0
1529,82.0,2501.0,11.0
1530,28.0,1797.0,1.0
1531,19.0,1284.0,13.0
1532,37.0,2631.0,6.0
1533,46.0,2913.0,1.0
1534,28.0,1346.0,6.0
1535,55.0,2028.0,14.0
1536,19.0,1335.0,14.0
1537,55.0,1284.0,11.0
1538,28.0,1567.0,7.0
1539,19.0,2936.0,4.0
1540,46.0,1772.0,9.0
1541,10.0,1928.0,1.0
1542,28.0,2074.0,7.0
1543,73.0,2043.0,1.0
1544,55.0,2471.0,3.0
1545,64.0,2043.0,5.0
1546,64.0,1804.0,3.0
1547,46.0,2043.0,2.0
1548,82.0,2043.0,11.0
1549,10.0,2163.0,2.0
1550,37.0,1797.0,12.0
1551,37.0,2043.0,13.0
1552,37.0,2501.0,8.0
1553,46.0,2028.0,3.0
1554,55.0,2074.0,2.0
1555,64.0,1284.0,6.0
1556,64.0,2098.0,12.0
1557,55.0,2135.0,5.0
1558,82.0,2488.0,11.0
1559,82.0,2700.0,14.0
1560,1.0,2680.0,2.0
1561,55.0,1731.0,2.0
1562,28.0,2098.0,14.0
1563,1.0,1928.0,14.0
1564,55.0,2416.0,7.0
1565,46.0,1783.0,7.0
1566,28.0,1734.0,11.0
1567,55.0,1237.0,3.0
1568,73.0,2118.0,12.0
1569,1.0,1928.0,2.0
1570,82.0,1284.0,13.0
1571,55.0,2700.0,1.0
1572,1.0,2098.0,7.0
1573,28.0,2231.0,8.0
1574,19.0,2135.0,3.0
1575,73.0,2028.0,10.0
1576,1.0,2043.0,6.0
1577,19.0,1335.0,11.0
1578,73.0,1459.0,8.0
1579,64.0,2476.0,3.0
1580,82.0,1467.0,8.0
1581,46.0,2476.0,3.0
1582,10.0,2501.0,8.0
1583,73.0,2471.0,11.0
1584,28.0,1335.0,14.0
1585,73.0,2700.0,9.0
1586,46.0,2118.0,14.0
1587,73.0,2163.0,1.0
1588,10.0,2488.0,5.0
1589,19.0,2796.0,12.0
1590,64.0,2501.0,10.0
1591,55.0,1237.0,2.0
1592,73.0,2700.0,10.0
1593,55.0,1783.0,5.0
1594,55.0,1567.0,14.0
1595,37.0,1731.0,10.0
1596,82.0,2631.0,13.0
1597,73.0,2471.0,1.0
1598,10.0,2118.0,6.0
1599,19.0,2796.0,7.0
1600,64.0,2135.0,12.0
1601,55.0,2796.0,1.0
1602,37.0,1335.0,9.0
1603,55.0,2488.0,2.0
1604,19.0,2680.0,6.0
1605,10.0,2028.0,12.0
1606,19.0,2700.0,13.0
1607,46.0,1804.0,14.0
1608,19.0,1734.0,14.0
1609,46.0,2118.0,3.0
1610,46.0,2631.0,11.0
1611,37.0,1797.0,7.0
1612,1.0,1734.0,9.0
1613,10.0,1467.0,3.0
1614,1.0,1346.0,6.0
1615,37.0,2105.0,3.0
1616,19.0,2700.0,3.0
1617,82.0,1797.0,1.0
1618,1.0,1797.0,6.0
1619,73.0,2163.0,6.0
1620,73.0,1284.0,12.0
1621,37.0,1459.0,1.0
1622,19.0,1928.0,12.0
1623,10.0,2936.0,9.0
1624,19.0,2488.0,4.0
1625,10.0,1335.0,12.0
1626,73.0,2074.0,3.0
1627,37.0,1161.0,2.0
1628,82.0,2043.0,13.0
1629,46.0,1734.0,12.0
1630,1.0,2074.0,9.0
1631,19.0,1567.0,1.0
1632,82.0,2135.0,6.0
1633,19.0,2488.0,13.0
1634,73.0,2936.0,6.0
1635,73.0,2416.0,11.0
1636,64.0,1459.0,10.0
1637,46.0,2135.0,8.0
1638,64.0,2118.0,4.0
1639,64.0,2913.0,4.0
1640,82.0,1783.0,11.0
1641,1.0,1928.0,1.0
1642,1.0,2700.0,10.0
1643,10.0,2936.0,11.0
1644,1.0,2796.0,13.0
1645,82.0,1161.0,7.0
1646,19.0,1459.0,5.0
1647,10.0,1783.0,10.0
1648,1.0,1161.0,4.0
1649,1.0,1346.0,7.0
1650,1.0,1797.0,1.0
1651,10.0,2118.0,4.0
1652,82.0,2163.0,7.0
1653,82.0,1734.0,14.0
1654,10.0,1467.0,5.0
1655,19.0,1346.0,3.0
1656,64.0,1346.0,14.0
1657,1.0,2105.0,14.0
1658,55.0,2028.0,12.0
1659,19.0,1467.0,3.0
1660,19.0,2231.0,1.0
1661,19.0,1335.0,5.0
1662,82.0,1284.0,2.0
1663,64.0,2471.0,1.0
1664,55.0,2471.0,14.0
1665,37.0,2631.0,3.0
1666,19.0,2476.0,9.0
1667,19.0,2471.0,5.0
1668,10.0,2501.0,13.0
1669,64.0,1346.0,13.0
1670,1.0,2135.0,13.0
1671,19.0,1346.0,4.0
1672,64.0,2028.0,11.0
1673,64.0,1567.0,7.0
1674,10.0,2476.0,6.0
1675,64.0,2043.0,14.0
1676,10.0,1335.0,14.0
1677,19.0,1459.0,12.0
1678,19.0,2074.0,2.0
1679,73.0,2098.0,5.0
1680,73.0,2028.0,5.0
1681,82.0,1284.0,1.0
1682,55.0,2118.0,11.0
1683,28.0,1335.0,9.0
1684,73.0,1459.0,7.0
1685,37.0,1284.0,14.0
1686,1.0,2796.0,5.0
1687,82.0,2231.0,4.0
1688,19.0,2936.0,11.0
1689,64.0,1567.0,3.0
1690,37.0,1567.0,14.0
1691,46.0,1335.0,1.0
1692,82.0,1459.0,10.0
1693,1.0,2163.0,14.0
1694,37.0,1797.0,5.0
1695,82.0,2488.0,14.0
1696,1.0,2471.0,7.0
1697,10.0,2476.0,1.0
1698,28.0,2074.0,3.0
1699,10.0,2501.0,4.0
1700,28.0,2936.0,1.0
1701,1.0,2098.0,4.0
1702,19.0,2098.0,5.0
1703,28.0,2163.0,7.0
1704,19.0,1467.0,1.0
1705,55.0,2488.0,4.0
1706,19.0,2501.0,1.0
1707,37.0,1731.0,12.0
1708,46.0,1346.0,8.0
1709,28.0,2416.0,3.0
1710,82.0,1335.0,12.0
1711,37.0,2680.0,7.0
1712,64.0,1783.0,11.0
1713,73.0,1804.0,4.0
1714,1.0,2700.0,14.0
1715,37.0,2416.0,6.0
1716,37.0,1335.0,14.0
1717,73.0,2501.0,8.0
1718,37.0,1731.0,6.0
1719,64.0,2680.0,3.0
1720,73.0,2488.0,9.0
1721,55.0,2135.0,14.0
1722,19.0,2700.0,10.0
1723,82.0,2118.0,3.0
1724,10.0,2476.0,5.0
1725,46.0,2476.0,9.0
1726,46.0,2680.0,2.0
1727,1.0,2416.0,13.0
1728,28.0,1346.0,7.0
1729,28.0,2488.0,14.0
1730,10.0,2501.0,3.0
1731,28.0,1772.0,10.0
1732,73.0,2471.0,13.0
1733,73.0,1284.0,9.0
1734,28.0,1804.0,10.0
1735,82.0,2476.0,1.0
1736,46.0,1237.0,3.0
1737,19.0,2135.0,13.0
1738,82.0,2913.0,13.0
1739,55.0,1783.0,7.0
1740,19.0,2028.0,7.0
1741,10.0,1459.0,4.0
1742,19.0,1161.0,7.0
1743,46.0,1734.0,2.0
1744,82.0,2913.0,11.0
1745,64.0,2135.0,14.0
1746,73.0,1335.0,3.0
1747,10.0,2098.0,3.0
1748,73.0,2471.0,14.0
1749,37.0,1346.0,2.0
1750,1.0,2631.0,5.0
1751,19.0,2680.0,2.0
1752,46.0,2913.0,11.0
1753,64.0,2074.0,14.0
1754,19.0,1783.0,9.0
1755,37.0,2028.0,5.0
1756,64.0,1772.0,8.0
1757,46.0,1797.0,11.0
1758,28.0,1237.0,4.0
1759,37.0,2680.0,3.0
1760,73.0,2105.0,13.0
1761,37.0,1734.0,3.0
1762,82.0,1346.0,12.0
1763,55.0,2488.0,10.0
1764,73.0,2913.0,10.0
1765,10.0,1928.0,8.0
1766,28.0,1237.0,11.0
1767,73.0,2631.0,13.0
1768,19.0,1797.0,5.0
1769,64.0,1804.0,2.0
1770,82.0,2796.0,4.0
1771,1.0,2043.0,4.0
1772,64.0,1284.0,14.0
1773,10.0,1284.0,3.0
1774,1.0,1797.0,5.0
1775,37.0,2700.0,3.0
1776,73.0,2028.0,13.0
1777,55.0,1731.0,1.0
1778,37.0,2043.0,5.0
1779,64.0,1161.0,10.0
1780,37.0,2471.0,10.0
1781,37.0,2476.0,3.0
1782,37.0,2476.0,1.0
1783,55.0,1161.0,12.0
1784,73.0,2796.0,3.0
1785,73.0,2074.0,5.0
1786,10.0,1797.0,8.0
1787,10.0,2118.0,14.0
1788,37.0,1284.0,4.0
1789,73.0,1567.0,10.0
1790,19.0,1567.0,13.0
1791,1.0,1161.0,6.0
1792,82.0,1284.0,7.0
1793,82.0,2416.0,5.0
1794,28.0,2118.0,1.0
1795,46.0,2098.0,13.0
1796,55.0,1731.0,13.0
1797,55.0,2700.0,7.0
1798,28.0,1161.0,9.0
1799,1.0,2163.0,2.0
1800,19.0,1567.0,14.0
1801,10.0,1237.0,8.0
1802,1.0,1284.0,10.0
1803,64.0,2501.0,14.0
1804,1.0,1346.0,4.0
1805,1.0,2118.0,4.0
1806,10.0,1335.0,5.0
1807,64.0,2098.0,6.0
1808,64.0,2135.0,10.0
1809,73.0,2913.0,3.0
1810,55.0,1797.0,1.0
1811,19.0,2501.0,3.0
1812,82.0,2476.0,3.0
1813,28.0,1237.0,12.0
1814,64.0,1734.0,5.0
1815,28.0,2476.0,5.0
1816,82.0,1567.0,13.0
1817,19.0,2028.0,6.0
1818,1.0,2074.0,5.0
1819,73.0,2471.0,2.0
1820,46.0,2416.0,2.0
1821,1.0,1567.0,7.0
1822,55.0,2680.0,3.0
1823,55.0,2631.0,13.0
1824,64.0,1346.0,8.0
1825,46.0,2135.0,6.0
1826,55.0,2163.0,9.0
1827,55.0,1346.0,10.0
1828,73.0,2028.0,9.0
1829,73.0,1567.0,6.0
1830,55.0,2043.0,3.0
1831,37.0,1459.0,2.0
1832,37.0,1783.0,4.0
1833,82.0,1284.0,4.0
1834,28.0,2163.0,3.0
1835,19.0,2074.0,6.0
1836,73.0,1783.0,12.0
1837,46.0,2631.0,1.0
1838,19.0,2913.0,9.0
1839,55.0,1731.0,4.0
1840,10.0,1804.0,11.0
1841,1.0,1797.0,2.0
1842,37.0,1284.0,3.0
1843,64.0,2501.0,6.0
1844,55.0,1928.0,6.0
1845,37.0,2476.0,4.0
1846,46.0,2476.0,4.0
1847,46.0,2163.0,3.0
1848,64.0,1783.0,8.0
1849,55.0,1783.0,12.0
1850,46.0,1567.0,13.0
1851,28.0,2098.0,4.0
1852,1.0,2796.0,3.0
1853,37.0,2501.0,7.0
1854,1.0,1772.0,5.0
1855,1.0,1783.0,3.0
1856,55.0,2231.0,7.0
1857,46.0,2471.0,3.0
1858,46.0,2416.0,8.0
1859,19.0,1161.0,6.0
1860,73.0,2105.0,9.0
1861,73.0,2231.0,13.0
1862,19.0,2135.0,4.0
1863,64.0,2796.0,7.0
1864,1.0,2913.0,8.0
1865,46.0,2135.0,12.0
1866,46.0,2135.0,7.0
1867,10.0,2043.0,12.0
1868,19.0,2135.0,9.0
1869,1.0,1567.0,3.0
1870,1.0,1237.0,3.0
1871,28.0,2700.0,13.0
1872,1.0,2163.0,1.0
1873,10.0,2936.0,13.0
1874,37.0,2098.0,11.0
1875,64.0,2796.0,4.0
1876,55.0,2796.0,3.0
1877,73.0,2936.0,1.0
1878,37.0,2913.0,1.0
1879,82.0,1783.0,5.0
1880,37.0,2471.0,13.0
1881,37.0,1567.0,13.0
1882,55.0,2118.0,5.0
1883,28.0,2105.0,4.0
1884,19.0,1734.0,9.0
1885,55.0,1284.0,9.0
1886,10.0,1161.0,3.0
1887,64.0,2471.0,7.0
1888,73.0,1567.0,4.0
1889,19.0,2936.0,9.0
1890,73.0,1346.0,7.0
1891,10.0,2936.0,1.0
1892,10.0,1346.0,12.0
1893,46.0,1797.0,7.0
1894,46.0,2028.0,6.0
1895,55.0,2471.0,7.0
1896,1.0,2913.0,14.0
1897,10.0,1772.0,6.0
1898,10.0,1237.0,14.0
1899,55.0,2098.0,5.0
1900,10.0,2028.0,6.0
1901,10.0,1346.0,2.0
1902,73.0,1734.0,13.0
1903,37.0,2501.0,14.0
1904,73.0,2476.0,1.0
1905,1.0,2231.0,1.0
1906,73.0,1467.0,2.0
1907,73.0,2163.0,4.0
1908,28.0,1346.0,4.0
1909,64.0,2105.0,6.0
1910,55.0,1467.0,6.0
1911,28.0,1284.0,6.0
1912,1.0,2913.0,9.0
1913,82.0,1804.0,10.0
1914,64.0,1467.0,9.0
1915,37.0,1804.0,1.0
1916,64.0,2913.0,3.0
1917,46.0,2105.0,10.0
1918,82.0,2043.0,6.0
1919,64.0,2043.0,10.0
1920,64.0,1731.0,9.0
1921,46.0,2118.0,10.0
1922,46.0,2488.0,10.0
1923,28.0,1284.0,8.0
1924,28.0,2074.0,14.0
1925,46.0,2231.0,8.0
1926,73.0,2488.0,3.0
1927,10.0,2074.0,7.0
1928,19.0,1797.0,1.0
1929,73.0,2796.0,5.0
1930,64.0,2074.0,12.0
1931,55.0,1567.0,4.0
1932,64.0,2680.0,14.0
1933,1.0,1467.0,2.0
1934,55.0,2471.0,13.0
1935,64.0,1467.0,6.0
1936,55.0,2631.0,4.0
1937,28.0,1467.0,13.0
1938,73.0,2043.0,3.0
1939,1.0,1161.0,1.0
1940,37.0,2488.0,7.0
1941,64.0,1335.0,6.0
1942,10.0,2501.0,7.0
1943,46.0,1772.0,5.0
1944,19.0,1467.0,12.0
1945,28.0,2488.0,12.0
1946,37.0,1734.0,8.0
1947,46.0,2043.0,8.0
1948,73.0,2700.0,2.0
1949,82.0,2098.0,9.0
1950,37.0,1161.0,12.0
1951,10.0,1459.0,13.0
1952,10.0,2043.0,5.0
1953,1.0,1467.0,11.0
1954,1.0,2105.0,6.0
1955,46.0,2936.0,7.0
1956,55.0,1237.0,6.0
1957,37.0,2476.0,14.0
1958,10.0,2135.0,3.0
1959,73.0,2501.0,2.0
1960,19.0,2936.0,6.0
1961,73.0,2043.0,4.0
1962,64.0,1797.0,7.0
1963,73.0,1335.0,5.0
1964,73.0,2118.0,9.0
1965,55.0,2796.0,8.0
1966,73.0,1772.0,4.0
1967,1.0,2105.0,10.0
1968,28.0,2028.0,3.0
1969,28.0,2631.0,8.0
1970,1.0,2135.0,9.0
1971,28.0,2796.0,11.0
1972,82.0,2135.0,14.0
1973,10.0,2936.0,7.0
1974,73.0,2680.0,6.0
1975,10.0,1734.0,1.0
1976,28.0,1772.0,11.0
1977,64.0,2631.0,7.0
1978,28.0,2028.0,11.0
1979,1.0,2416.0,7.0
1980,37.0,2700.0,7.0
1981,10.0,2700.0,11.0
1982,19.0,1783.0,3.0
1983,19.0,2913.0,7.0
1984,55.0,1467.0,13.0
1985,73.0,2936.0,12.0
1986,19.0,2936.0,1.0
1987,10.0,2913.0,1.0
1988,19.0,1467.0,9.0
1989,19.0,2231.0,7.0
1990,46.0,2913.0,6.0
1991,37.0,2796.0,3.0
1992,10.0,1928.0,5.0
1993,10.0,2135.0,12.0
1994,64.0,1734.0,2.0
1995,1.0,2135.0,12.0
1996,10.0,2028.0,9.0
1997,55.0,2476.0,11.0
1998,82.0,1335.0,4.0
1999,19.0,1567.0,5.0
2000,64.0,1467.0,4.0
2001,10.0,1734.0,14.0
2002,1.0,2631.0,4.0
2003,28.0,1335.0,1.0
2004,28.0,1731.0,8.0
2005,82.0,1161.0,10.0
2006,19.0,1459.0,14.0
2007,1.0,1772.0,6.0
2008,73.0,2796.0,6.0
2009,28.0,2680.0,12.0
2010,64.0,1346.0,9.0
2011,10.0,1734.0,9.0
2012,10.0,2135.0,2.0
2013,37.0,2105.0,2.0
2014,82.0,2700.0,11.0
2015,19.0,2163.0,6.0
2016,64.0,1804.0,10.0
2017,28.0,1928.0,13.0
2018,73.0,2913.0,11.0
2019,10.0,1928.0,4.0
2020,10.0,1467.0,12.0
2021,64.0,2631.0,13.0
2022,73.0,2043.0,2.0
2023,82.0,2231.0,8.0
2024,10.0,1772.0,3.0
2025,1.0,1335.0,13.0
2026,73.0,2631.0,2.0
2027,46.0,2488.0,11.0
2028,28.0,2471.0,3.0
2029,64.0,2700.0,10.0
2030,28.0,1797.0,4.0
2031,46.0,2163.0,1.0
2032,1.0,1731.0,6.0
2033,73.0,2118.0,10.0
2034,1.0,1731.0,7.0
2035,46.0,2074.0,13.0
2036,46.0,2631.0,5.0
2037,37.0,2098.0,4.0
2038,82.0,2231.0,14.0
2039,46.0,1783.0,2.0
2040,82.0,1459.0,3.0
2041,10.0,1284.0,2.0
2042,64.0,1797.0,4.0
2043,37.0,2231.0,13.0
2044,28.0,2501.0,3.0
2045,55.0,1804.0,6.0
2046,46.0,1797.0,1.0
2047,64.0,2913.0,13.0
2048,28.0,2416.0,2.0
2049,1.0,2501.0,1.0
2050,46.0,1734.0,4.0
2051,46.0,2631.0,9.0
2052,28.0,1346.0,5.0
2053,82.0,2074.0,9.0
2054,1.0,2074.0,12.0
2055,19.0,2028.0,14.0
2056,64.0,1467.0,5.0
2057,37.0,1284.0,7.0
2058,82.0,1346.0,1.0
2059,10.0,2796.0,11.0
2060,37.0,2700.0,6.0
2061,28.0,2074.0,9.0
2062,64.0,2098.0,14.0
2063,28.0,1459.0,5.0
2064,46.0,2231.0,4.0
2065,82.0,1772.0,4.0
2066,28.0,1797.0,5.0
2067,73.0,2043.0,10.0
2068,28.0,2913.0,14.0
2069,1.0,2118.0,9.0
2070,46.0,2913.0,8.0
2071,10.0,1335.0,3.0
2072,82.0,1284.0,3.0
2073,19.0,1797.0,12.0
2074,64.0,2163.0,5.0
2075,10.0,2105.0,1.0
2076,73.0,1797.0,1.0
2077,10.0,1734.0,13.0
2078,46.0,2098.0,1.0
2079,55.0,2163.0,2.0
2080,55.0,1783.0,14.0
2081,73.0,2796.0,1.0
2082,64.0,2680.0,1.0
2083,19.0,1346.0,14.0
2084,64.0,1567.0,14.0
2085,19.0,1284.0,7.0
2086,37.0,1804.0,5.0
2087,64.0,2416.0,11.0
2088,73.0,2476.0,11.0
2089,1.0,1772.0,14.0
2090,64.0,2700.0,3.0
2091,28.0,1567.0,13.0
2092,82.0,2043.0,1.0
2093,37.0,1772.0,14.0
2094,55.0,2796.0,4.0
2095,37.0,2936.0,10.0
2096,28.0,2231.0,2.0
2097,19.0,2796.0,3.0
2098,28.0,2098.0,13.0
2099,37.0,1161.0,13.0
2100,82.0,2118.0,4.0
2101,73.0,2028.0,2.0
2102,46.0,2476.0,11.0
2103,82.0,1804.0,7.0
2104,46.0,2105.0,7.0
2105,64.0,1284.0,10.0
2106,37.0,2488.0,13.0
2107,19.0,1161.0,11.0
2108,19.0,2631.0,13.0
2109,82.0,2796.0,14.0
2110,82.0,1797.0,12.0
2111,73.0,2105.0,4.0
2112,37.0,2074.0,10.0
2113,55.0,2680.0,11.0
2114,64.0,1804.0,11.0
2115,46.0,1459.0,6.0
2116,10.0,1567.0,8.0
2117,19.0,1335.0,13.0
2118,19.0,1335.0,3.0
2119,19.0,2163.0,5.0
2120,46.0,2028.0,2.0
2121,82.0,2476.0,14.0
2122,28.0,2796.0,12.0
2123,10.0,1346.0,8.0
2124,28.0,2631.0,5.0
2125,55.0,1567.0,10.0
2126,1.0,2501.0,8.0
2127,82.0,1804.0,2.0
2128,37.0,2118.0,10.0
2129,28.0,2098.0,10.0
2130,73.0,1237.0,11.0
2131,10.0,1237.0,1.0
2132,55.0,1335.0,4.0
2133,28.0,2231.0,5.0
2134,55.0,2796.0,11.0
2135,46.0,1928.0,9.0
2136,28.0,1346.0,9.0
2137,64.0,1335.0,2.0
2138,19.0,1284.0,3.0
2139,55.0,2231.0,12.0
2140,46.0,2488.0,7.0
2141,10.0,2043.0,7.0
2142,64.0,1237.0,2.0
2143,1.0,2488.0,1.0
2144,37.0,2231.0,7.0
2145,10.0,2231.0,10.0
2146,64.0,1161.0,14.0
2147,82.0,2028.0,6.0
2148,19.0,2105.0,14.0
2149,1.0,2074.0,8.0
2150,46.0,1284.0,10.0
2151,55.0,2231.0,10.0
2152,46.0,2936.0,5.0
2153,64.0,2631.0,10.0
2154,19.0,1804.0,8.0
2155,10.0,2476.0,3.0
2156,19.0,2476.0,10.0
2157,55.0,2028.0,3.0
2158,1.0,1772.0,3.0
2159,1.0,2488.0,11.0
2160,64.0,1467.0,8.0
2161,1.0,2098.0,11.0
2162,46.0,2488.0,13.0
2163,64.0,2118.0,14.0
2164,82.0,2796.0,9.0
2165,55.0,2913.0,10.0
2166,28.0,1335.0,4.0
2167,1.0,2028.0,10.0
2168,28.0,2231.0,13.0
2169,28.0,2028.0,9.0
2170,1.0,1284.0,14.0
2171,37.0,2796.0,12.0
2172,19.0,1467.0,8.0
2173,10.0,2135.0,8.0
2174,64.0,2105.0,3.0
2175,64.0,1459.0,3.0
2176,82.0,2105.0,10.0
2177,73.0,1467.0,9.0
2178,55.0,1161.0,8.0
2179,10.0,1567.0,9.0
2180,82.0,2913.0,6.0
2181,19.0,2028.0,2.0
2182,64.0,1335.0,13.0
2183,73.0,2488.0,2.0
2184,46.0,2098.0,8.0
2185,28.0,1928.0,2.0
2186,46.0,1237.0,10.0
2187,37.0,2118.0,12.0
2188,1.0,2043.0,11.0
2189,10.0,1797.0,3.0
2190,1.0,2416.0,8.0
2191,46.0,1237.0,12.0
2192,46.0,1161.0,7.0
2193,73.0,2471.0,5.0
2194,28.0,2476.0,9.0
2195,64.0,2163.0,8.0
2196,82.0,1467.0,1.0
2197,10.0,2098.0,14.0
2198,37.0,2680.0,6.0
2199,28.0,1928.0,14.0
2200,64.0,2501.0,9.0
2201,10.0,2913.0,13.0
2202,55.0,2231.0,3.0
2203,55.0,2231.0,5.0
2204,55.0,1335.0,6.0
2205,46.0,2680.0,11.0
2206,1.0,1346.0,3.0
2207,73.0,2416.0,13.0
2208,55.0,1804.0,8.0
2209,28.0,2631.0,13.0
2210,10.0,2231.0,4.0
2211,73.0,2105.0,6.0
2212,1.0,2501.0,3.0
2213,82.0,2105.0,1.0
2214,10.0,2700.0,8.0
2215,73.0,2471.0,4.0
2216,73.0,2700.0,6.0
2217,10.0,1459.0,3.0
2218,46.0,1731.0,9.0
2219,73.0,1467.0,4.0
2220,55.0,2118.0,12.0
2221,28.0,2796.0,6.0
2222,37.0,2135.0,9.0
2223,73.0,1797.0,9.0
2224,10.0,2043.0,8.0
2225,28.0,2163.0,11.0
2226,73.0,1467.0,11.0
2227,28.0,1459.0,3.0
2228,64.0,1804.0,9.0
2229,82.0,2105.0,11.0
2230,19.0,2163.0,8.0
2231,28.0,1804.0,8.0
2232,10.0,2680.0,9.0
2233,10.0,1237.0,9.0
2234,46.0,2936.0,4.0
2235,37.0,1731.0,1.0
2236,1.0,2631.0,12.0
2237,10.0,1284.0,14.0
2238,55.0,2476.0,13.0
2239,28.0,2501.0,5.0
2240,55.0,1459.0,11.0
2241,1.0,1459.0,12.0
2242,28.0,1459.0,6.0
2243,10.0,2105.0,14.0
2244,10.0,2501.0,14.0
2245,55.0,1346.0,8.0
2246,55.0,2074.0,3.0
2247,28.0,2231.0,4.0
2248,10.0,2105.0,3.0
2249,10.0,1804.0,6.0
2250,1.0,2043.0,7.0
2251,1.0,1804.0,12.0
2252,37.0,2796.0,11.0
2253,37.0,1772.0,6.0
2254,73.0,1783.0,13.0
2255,28.0,2416.0,14.0
2256,19.0,2501.0,8.0
2257,37.0,2476.0,12.0
2258,82.0,1772.0,7.0
2259,55.0,2098.0,2.0
2260,55.0,2074.0,4.0
2261,10.0,2700.0,14.0
2262,37.0,2501.0,6.0
2263,28.0,2936.0,6.0
2264,73.0,2028.0,12.0
2265,10.0,2135.0,7.0
2266,1.0,2043.0,8.0
2267,64.0,2913.0,5.0
2268,28.0,2700.0,14.0
2269,55.0,1734.0,13.0
2270,55.0,2163.0,5.0
2271,46.0,2135.0,2.0
2272,10.0,1161.0,13.0
2273,64.0,1731.0,8.0
2274,37.0,1567.0,3.0
2275,28.0,2098.0,11.0
2276,82.0,2631.0,9.0
2277,46.0,2700.0,2.0
2278,46.0,2796.0,12.0
2279,73.0,1772.0,12.0
2280,19.0,1161.0,12.0
2281,55.0,1346.0,3.0
2282,64.0,2700.0,6.0
2283,82.0,2913.0,2.0
2284,73.0,1237.0,7.0
2285,28.0,1783.0,3.0
2286,46.0,1783.0,3.0
2287,10.0,2105.0,4.0
2288,46.0,1731.0,5.0
2289,46.0,1335.0,2.0
2290,28.0,2105.0,2.0
2291,1.0,1804.0,7.0
2292,55.0,2074.0,10.0
2293,55.0,2700.0,6.0
2294,73.0,2488.0,11.0
2295,37.0,1284.0,12.0
2296,82.0,1928.0,12.0
2297,55.0,1734.0,7.0
2298,10.0,2105.0,7.0
2299,73.0,1335.0,2.0
2300,73.0,2028.0,1.0
2301,10.0,1772.0,4.0
2302,82.0,2700.0,4.0
2303,19.0,2074.0,8.0
2304,55.0,1772.0,5.0
2305,1.0,2936.0,9.0
2306,55.0,1783.0,1.0
2307,64.0,1772.0,14.0
2308,55.0,1459.0,7.0
2309,73.0,2680.0,8.0
2310,46.0,1467.0,2.0
2311,19.0,1928.0,8.0
2312,10.0,2028.0,1.0
2313,10.0,1797.0,9.0
2314,55.0,2631.0,7.0
2315,55.0,2796.0,10.0
2316,82.0,2135.0,8.0
2317,82.0,1459.0,9.0
2318,28.0,2471.0,4.0
2319,10.0,1731.0,3.0
2320,19.0,2680.0,12.0
2321,82.0,1237.0,11.0
2322,19.0,1237.0,11.0
2323,55.0,1734.0,14.0
2324,19.0,2135.0,6.0
2325,28.0,1467.0,11.0
2326,73.0,2680.0,10.0
2327,10.0,1161.0,1.0
2328,1.0,2913.0,2.0
2329,19.0,2135.0,2.0
2330,28.0,2501.0,11.0
2331,55.0,1783.0,3.0
2332,1.0,2231.0,13.0
2333,64.0,1734.0,7.0
2334,82.0,1731.0,1.0
2335,64.0,2163.0,2.0
2336,73.0,2416.0,6.0
2337,55.0,2501.0,9.0
2338,37.0,1772.0,12.0
2339,1.0,2105.0,3.0
2340,55.0,2631.0,10.0
2341,28.0,2471.0,1.0
2342,19.0,1567.0,12.0
2343,37.0,2488.0,2.0
2344,19.0,2028.0,10.0
2345,10.0,1783.0,7.0
2346,28.0,2501.0,13.0
2347,28.0,2074.0,8.0
2348,10.0,1797.0,1.0
2349,46.0,2680.0,6.0
2350,46.0,1459.0,11.0
2351,46.0,2028.0,13.0
2352,19.0,1346.0,13.0
2353,10.0,1797.0,13.0
2354,1.0,2936.0,5.0
2355,10.0,1567.0,2.0
2356,19.0,1804.0,6.0
2357,55.0,2796.0,5.0
2358,46.0,2631.0,10.0
2359,1.0,1797.0,11.0
2360,19.0,1161.0,9.0
2361,28.0,2796.0,8.0
2362,37.0,2163.0,6.0
2363,19.0,2043.0,1.0
2364,19.0,1161.0,14.0
2365,1.0,1335.0,6.0
2366,55.0,2913.0,11.0
2367,82.0,1783.0,7.0
2368,28.0,2163.0,1.0
2369,37.0,2043.0,12.0
2370,28.0,2476.0,11.0
2371,1.0,1459.0,13.0
2372,55.0,1161.0,10.0
2373,1.0,1237.0,6.0
2374,37.0,2936.0,7.0
2375,46.0,2471.0,10.0
2376,37.0,2135.0,8.0
2377,73.0,1928.0,11.0
2378,10.0,2416.0,11.0
2379,10.0,2936.0,10.0
2380,46.0,2098.0,12.0
2381,55.0,1284.0,1.0
2382,73.0,2416.0,1.0
2383,82.0,2135.0,9.0
2384,19.0,1772.0,2.0
2385,73.0,1783.0,11.0
2386,73.0,1567.0,12.0
2387,55.0,2098.0,1.0
2388,19.0,1783.0,13.0
2389,10.0,2074.0,12.0
2390,46.0,2936.0,11.0
2391,28.0,1346.0,2.0
2392,64.0,2118.0,13.0
2393,1.0,2074.0,6.0
2394,10.0,2416.0,1.0
2395,10.0,1284.0,10.0
2396,82.0,2501.0,3.0
2397,10.0,2913.0,14.0
2398,73.0,2118.0,13.0
2399,82.0,2118.0,10.0
2400,55.0,2416.0,14.0
2401,28.0,2135.0,8.0
2402,73.0,2488.0,12.0
2403,37.0,2700.0,1.0
2404,64.0,2796.0,13.0
2405,19.0,1772.0,11.0
2406,10.0,1335.0,10.0
2407,64.0,2028.0,4.0
2408,1.0,2796.0,11.0
2409,1.0,1459.0,4.0
2410,64.0,1928.0,8.0
2411,28.0,1237.0,5.0
2412,55.0,2043.0,8.0
2413,10.0,2118.0,3.0
2414,10.0,2488.0,13.0
2415,46.0,1459.0,9.0
2416,64.0,1161.0,8.0
2417,73.0,2471.0,9.0
2418,10.0,2680.0,6.0
2419,46.0,2163.0,10.0
2420,37.0,2913.0,4.0
2421,64.0,2700.0,12.0
2422,82.0,2118.0,8.0
2423,10.0,2476.0,10.0
2424,55.0,1161.0,1.0
2425,19.0,1928.0,7.0
2426,46.0,2043.0,5.0
2427,73.0,1804.0,8.0
2428,1.0,1567.0,4.0
2429,64.0,2476.0,9.0
2430,82.0,2796.0,12.0
2431,82.0,2163.0,13.0
2432,82.0,1797.0,2.0
2433,1.0,2105.0,7.0
2434,64.0,2105.0,11.0
2435,10.0,1731.0,5.0
2436,64.0,2631.0,14.0
2437,10.0,2700.0,4.0
2438,1.0,2135.0,1.0
2439,37.0,1783.0,5.0
2440,55.0,2105.0,12.0
2441,82.0,1467.0,13.0
2442,10.0,2488.0,14.0
2443,82.0,2913.0,3.0
2444,37.0,2913.0,10.0
2445,1.0,2163.0,6.0
2446,19.0,2118.0,4.0
2447,19.0,2098.0,14.0
2448,55.0,2118.0,13.0
2449,19.0,2471.0,9.0
2450,46.0,2680.0,9.0
2451,55.0,2913.0,7.0
2452,1.0,1734.0,6.0
2453,28.0,1284.0,4.0
2454,1.0,2074.0,11.0
2455,1.0,1237.0,12.0
2456,10.0,1284.0,1.0
2457,46.0,2936.0,14.0
2458,19.0,1335.0,12.0
2459,64.0,2028.0,7.0
2460,55.0,1335.0,7.0
2461,73.0,1459.0,4.0
2462,73.0,2488.0,7.0
2463,73.0,1567.0,13.0
2464,46.0,1804.0,10.0
2465,73.0,1161.0,3.0
2466,82.0,1928.0,8.0
2467,1.0,2471.0,14.0
2468,73.0,2231.0,9.0
2469,64.0,2796.0,5.0
2470,1.0,1783.0,4.0
2471,64.0,2796.0,12.0
2472,64.0,1772.0,5.0
2473,37.0,1237.0,12.0
2474,10.0,2680.0,13.0
2475,55.0,1459.0,8.0
2476,55.0,2631.0,11.0
2477,64.0,1804.0,8.0
2478,82.0,2488.0,6.0
2479,55.0,1161.0,14.0
2480,64.0,2074.0,3.0
2481,55.0,2796.0,7.0
2482,82.0,1783.0,10.0
2483,37.0,2471.0,4.0
2484,73.0,2680.0,14.0
2485,28.0,2043.0,7.0
2486,82.0,2231.0,12.0
2487,10.0,1459.0,8.0
2488,1.0,2163.0,7.0
2489,10.0,1467.0,4.0
2490,82.0,1928.0,3.0
2491,46.0,1467.0,1.0
2492,82.0,1567.0,14.0
2493,19.0,1459.0,4.0
2494,28.0,2043.0,6.0
2495,1.0,2118.0,14.0
2496,19.0,2105.0,8.0
2497,28.0,2028.0,14.0
2498,55.0,2098.0,8.0
2499,19.0,2471.0,13.0
2500,46.0,2936.0,9.0
2501,46.0,2913.0,13.0
2502,73.0,2043.0,12.0
2503,55.0,1161.0,7.0
2504,46.0,2118.0,7.0
2505,37.0,2796.0,14.0
2506,1.0,1797.0,4.0
2507,37.0,2416.0,2.0
2508,46.0,2700.0,8.0
2509,82.0,1346.0,13.0
2510,82.0,2488.0,12.0
2511,46.0,2631.0,12.0
2512,28.0,1237.0,14.0
2513,46.0,1346.0,6.0
2514,37.0,1237.0,1.0
2515,37.0,2796.0,2.0
2516,46.0,1346.0,11.0
2517,64.0,2028.0,10.0
2518,55.0,2700.0,2.0
2519,1.0,2471.0,13.0
2520,64.0,2416.0,5.0
2521,28.0,1804.0,3.0
2522,37.0,2105.0,5.0
2523,10.0,2163.0,11.0
2524,37.0,2700.0,2.0
2525,73.0,1783.0,1.0
2526,64.0,1161.0,3.0
2527,46.0,2796.0,11.0
2528,64.0,1731.0,2.0
2529,1.0,1237.0,14.0
2530,73.0,2231.0,10.0
2531,28.0,1731.0,10.0
2532,28.0,1734.0,2.0
2533,82.0,2476.0,12.0
2534,19.0,1237.0,8.0
2535,19.0,2476.0,1.0
2536,64.0,2471.0,9.0
2537,55.0,1459.0,3.0
2538,73.0,2074.0,8.0
2539,55.0,2098.0,7.0
2540,37.0,2913.0,14.0
2541,1.0,2796.0,10.0
2542,55.0,2488.0,13.0
2543,10.0,2488.0,11.0
2544,1.0,1731.0,12.0
2545,19.0,1161.0,2.0
2546,28.0,1783.0,9.0
2547,82.0,1567.0,7.0
2548,28.0,2680.0,14.0
2549,55.0,1928.0,1.0
2550,82.0,2501.0,2.0
2551,82.0,1797.0,13.0
2552,73.0,2231.0,12.0
2553,64.0,2098.0,11.0
2554,28.0,2043.0,4.0
2555,46.0,2471.0,13.0
2556,19.0,2231.0,12.0
2557,19.0,1467.0,2.0
2558,46.0,2476.0,1.0
2559,28.0,2074.0,1.0
2560,64.0,2700.0,13.0
2561,1.0,2098.0,8.0
2562,55.0,1567.0,11.0
2563,19.0,1335.0,7.0
2564,28.0,2118.0,8.0
2565,55.0,2631.0,1.0
2566,73.0,1335.0,14.0
2567,19.0,2043.0,4.0
2568,55.0,2488.0,11.0
2569,82.0,2028.0,14.0
2570,10.0,1804.0,5.0
2571,1.0,1783.0,11.0
2572,55.0,2476.0,10.0
2573,10.0,1467.0,7.0
2574,73.0,2501.0,9.0
2575,46.0,1804.0,2.0
2576,1.0,2028.0,4.0
2577,46.0,2936.0,3.0
2578,64.0,1459.0,13.0
2579,64.0,2700.0,7.0
2580,82.0,2700.0,13.0
2581,1.0,1161.0,7.0
2582,28.0,1928.0,3.0
2583,37.0,1459.0,6.0
2584,1.0,2416.0,10.0
2585,1.0,2471.0,8.0
2586,64.0,1783.0,10.0
2587,55.0,2118.0,3.0
2588,55.0,1346.0,2.0
2589,19.0,1731.0,8.0
2590,64.0,1783.0,13.0
2591,1.0,1783.0,8.0
2592,64.0,1928.0,5.0
2593,73.0,1284.0,1.0
2594,55.0,2105.0,1.0
2595,73.0,2488.0,13.0
2596,28.0,2118.0,9.0
2597,1.0,2471.0,3.0
2598,1.0,2028.0,8.0
2599,37.0,2471.0,6.0
2600,64.0,2098.0,4.0
2601,37.0,1928.0,4.0
2602,82.0,1237.0,7.0
2603,55.0,1161.0,13.0
2604,28.0,1459.0,8.0
2605,10.0,2231.0,5.0
2606,73.0,2476.0,14.0
2607,46.0,2680.0,13.0
2608,28.0,2488.0,7.0
2609,46.0,1346.0,1.0
2610,28.0,1731.0,3.0
2611,28.0,2231.0,11.0
2612,73.0,1161.0,5.0
2613,46.0,1731.0,10.0
2614,37.0,2135.0,11.0
2615,28.0,2700.0,12.0
2616,1.0,1335.0,10.0
2617,10.0,1804.0,10.0
2618,37.0,2631.0,1.0
2619,55.0,1161.0,11.0
2620,10.0,1772.0,13.0
2621,55.0,2913.0,4.0
2622,55.0,2118.0,10.0
2623,1.0,2043.0,10.0
2624,37.0,2231.0,5.0
2625,28.0,1237.0,8.0
2626,73.0,1346.0,9.0
2627,28.0,1783.0,7.0
2628,64.0,2680.0,8.0
2629,82.0,1928.0,14.0
2630,37.0,2796.0,5.0
2631,19.0,1928.0,13.0
2632,46.0,1731.0,11.0
2633,37.0,1567.0,1.0
2634,1.0,2231.0,7.0
2635,1.0,2680.0,1.0
2636,10.0,2936.0,2.0
2637,19.0,1731.0,9.0
2638,82.0,2098.0,7.0
2639,19.0,2913.0,14.0
2640,82.0,2680.0,2.0
2641,73.0,1237.0,3.0
2642,82.0,2488.0,8.0
2643,46.0,2936.0,1.0
2644,64.0,1731.0,14.0
2645,19.0,2476.0,2.0
2646,73.0,1804.0,12.0
2647,1.0,1459.0,6.0
2648,10.0,2631.0,10.0
2649,1.0,2796.0,14.0
2650,1.0,1284.0,1.0
2651,28.0,1237.0,10.0
2652,28.0,1783.0,6.0
2653,64.0,2043.0,1.0
2654,10.0,1783.0,6.0
2655,1.0,1567.0,1.0
2656,28.0,1804.0,1.0
2657,73.0,2105.0,14.0
2658,55.0,2501.0,10.0
2659,55.0,2105.0,13.0
2660,64.0,1161.0,11.0
2661,19.0,2118.0,6.0
2662,64.0,2105.0,5.0
2663,46.0,2488.0,2.0
2664,10.0,2098.0,8.0
2665,19.0,2105.0,9.0
2666,55.0,1928.0,12.0
2667,10.0,2488.0,3.0
2668,19.0,1783.0,8.0
2669,37.0,1346.0,13.0
2670,64.0,2631.0,9.0
2671,19.0,2118.0,14.0
2672,64.0,2043.0,11.0
2673,19.0,1459.0,9.0
2674,46.0,2488.0,8.0
2675,37.0,1734.0,11.0
2676,73.0,1161.0,10.0
2677,55.0,1467.0,3.0
2678,1.0,2028.0,2.0
2679,10.0,1161.0,9.0
2680,19.0,1284.0,6.0
2681,37.0,1237.0,14.0
2682,19.0,2471.0,2.0
2683,10.0,1284.0,6.0
2684,82.0,2105.0,8.0
2685,46.0,2135.0,9.0
2686,28.0,2105.0,6.0
2687,19.0,2043.0,9.0
2688,73.0,2135.0,11.0
2689,46.0,1284.0,7.0
2690,46.0,2416.0,5.0
2691,10.0,1567.0,1.0
2692,10.0,2471.0,8.0
2693,10.0,2098.0,11.0
2694,73.0,1783.0,10.0
2695,19.0,1161.0,13.0
2696,19.0,2163.0,13.0
2697,19.0,2700.0,8.0
2698,1.0,1237.0,1.0
2699,64.0,1284.0,12.0
2700,46.0,2028.0,1.0
2701,1.0,2098.0,6.0
2702,28.0,1928.0,6.0
2703,55.0,2074.0,6.0
2704,64.0,1459.0,11.0
2705,10.0,2936.0,4.0
2706,55.0,1928.0,5.0
2707,19.0,1783.0,5.0
2708,19.0,1284.0,2.0
2709,28.0,2936.0,13.0
2710,55.0,1237.0,5.0
2711,37.0,1731.0,4.0
2712,37.0,2501.0,4.0
2713,82.0,2700.0,5.0
2714,19.0,2796.0,14.0
2715,19.0,1459.0,7.0
2716,55.0,1797.0,9.0
2717,19.0,2074.0,10.0
2718,19.0,2700.0,14.0
2719,46.0,2098.0,3.0
2720,28.0,2631.0,11.0
2721,37.0,1335.0,4.0
2722,73.0,2476.0,4.0
2723,73.0,1783.0,14.0
2724,1.0,2488.0,13.0
2725,37.0,2028.0,4.0
2726,64.0,1346.0,7.0
2727,10.0,1772.0,8.0
2728,37.0,1772.0,11.0
2729,37.0,2231.0,11.0
2730,28.0,2488.0,1.0
2731,10.0,2043.0,1.0
2732,46.0,1459.0,3.0
2733,37.0,2105.0,8.0
2734,64.0,2501.0,2.0
2735,28.0,2028.0,8.0
2736,73.0,1804.0,1.0
2737,37.0,2105.0,11.0
2738,19.0,1804.0,5.0
2739,28.0,2796.0,13.0
2740,73.0,1284.0,11.0
2741,1.0,2135.0,8.0
2742,82.0,1284.0,6.0
2743,82.0,2028.0,5.0
2744,46.0,1335.0,4.0
2745,55.0,2043.0,5.0
2746,82.0,2028.0,12.0
2747,19.0,1772.0,1.0
2748,1.0,2028.0,12.0
2749,19.0,2135.0,5.0
2750,37.0,2680.0,9.0
2751,19.0,1567.0,6.0
2752,82.0,2074.0,11.0
2753,73.0,2135.0,13.0
2754,19.0,2074.0,12.0
2755,28.0,1928.0,1.0
2756,82.0,1772.0,14.0
2757,1.0,2936.0,6.0
2758,37.0,1783.0,6.0
2759,1.0,2105.0,1.0
2760,37.0,1161.0,9.0
2761,55.0,1284.0,6.0
2762,73.0,1731.0,11.0
2763,46.0,2700.0,5.0
2764,64.0,2680.0,4.0
2765,37.0,1161.0,5.0
2766,37.0,1467.0,1.0
2767,46.0,1459.0,1.0
2768,28.0,1459.0,10.0
2769,37.0,2471.0,8.0
2770,73.0,2105.0,11.0
2771,28.0,2471.0,11.0
2772,28.0,2913.0,5.0
2773,19.0,2135.0,14.0
2774,10.0,1731.0,4.0
2775,10.0,2028.0,4.0
2776,10.0,1928.0,2.0
2777,64.0,1284.0,3.0
2778,73.0,2118.0,3.0
2779,46.0,2488.0,9.0
2780,73.0,1284.0,7.0
2781,28.0,1335.0,11.0
2782,64.0,2471.0,14.0
2783,73.0,1797.0,11.0
2784,46.0,1567.0,10.0
2785,28.0,2936.0,10.0
2786,73.0,2118.0,4.0
2787,82.0,1567.0,5.0
2788,28.0,2074.0,10.0
2789,55.0,1567.0,9.0
2790,73.0,1459.0,6.0
2791,37.0,2231.0,2.0
2792,37.0,2416.0,10.0
2793,10.0,2700.0,3.0
2794,19.0,2796.0,13.0
2795,28.0,1804.0,14.0
2796,46.0,2796.0,9.0
2797,46.0,2043.0,9.0
2798,73.0,2135.0,8.0
2799,64.0,1804.0,1.0
2800,37.0,1783.0,10.0
2801,1.0,2028.0,5.0
2802,1.0,1459.0,10.0
2803,55.0,2488.0,6.0
2804,1.0,2163.0,5.0
2805,82.0,2098.0,5.0
2806,64.0,2118.0,8.0
2807,55.0,1335.0,13.0
2808,55.0,2631.0,5.0
2809,19.0,2118.0,7.0
2810,64.0,2231.0,2.0
2811,73.0,2135.0,1.0
2812,37.0,1567.0,5.0
2813,10.0,1731.0,8.0
2814,64.0,1284.0,8.0
2815,37.0,1161.0,6.0
2816,28.0,1567.0,8.0
2817,73.0,2416.0,7.0
2818,82.0,1797.0,7.0
2819,1.0,1783.0,10.0
2820,73.0,1797.0,8.0
2821,55.0,1284.0,7.0
2822,37.0,1928.0,11.0
2823,37.0,1346.0,11.0
2824,64.0,1731.0,4.0
2825,1.0,1731.0,3.0
2826,37.0,2936.0,8.0
2827,73.0,1734.0,2.0
2828,73.0,1284.0,3.0
2829,10.0,2631.0,7.0
2830,1.0,2043.0,9.0
2831,73.0,1161.0,7.0
2832,46.0,1797.0,9.0
2833,55.0,2043.0,13.0
2834,1.0,2105.0,12.0
2835,19.0,2074.0,11.0
2836,46.0,2416.0,14.0
2837,82.0,2680.0,5.0
2838,82.0,1734.0,12.0
2839,55.0,1731.0,8.0
2840,55.0,1237.0,13.0
2841,82.0,1783.0,4.0
2842,37.0,1928.0,10.0
2843,82.0,2074.0,10.0
2844,28.0,1335.0,6.0
2845,55.0,1734.0,3.0
2846,73.0,1335.0,9.0
2847,1.0,2680.0,7.0
2848,64.0,2476.0,11.0
2849,28.0,2074.0,6.0
2850,46.0,2163.0,12.0
2851,1.0,2913.0,7.0
2852,55.0,2074.0,9.0
2853,46.0,1928.0,6.0
2854,10.0,2098.0,6.0
2855,19.0,1928.0,9.0
2856,37.0,1734.0,9.0
2857,28.0,2700.0,2.0
2858,37.0,1335.0,10.0
2859,55.0,2913.0,14.0
2860,10.0,1772.0,12.0
2861,1.0,2476.0,4.0
2862,28.0,2700.0,11.0
2863,37.0,2796.0,8.0
2864,28.0,2105.0,7.0
2865,46.0,1567.0,6.0
2866,19.0,1928.0,3.0
2867,46.0,2135.0,13.0
2868,46.0,1797.0,6.0
2869,64.0,2074.0,8.0
2870,28.0,2135.0,1.0
2871,10.0,2231.0,3.0
2872,19.0,1731.0,14.0
2873,1.0,2471.0,11.0
2874,1.0,2913.0,13.0
2875,37.0,1459.0,10.0
2876,73.0,1804.0,2.0
2877,64.0,1734.0,8.0
2878,1.0,1459.0,5.0
2879,55.0,1797.0,4.0
2880,64.0,2028.0,9.0
2881,19.0,1772.0,9.0
2882,73.0,1772.0,7.0
2883,73.0,1734.0,10.0
2884,37.0,2105.0,1.0
2885,46.0,2501.0,3.0
2886,28.0,2231.0,3.0
2887,1.0,2231.0,5.0
2888,19.0,1804.0,4.0
2889,1.0,1567.0,5.0
2890,28.0,1284.0,14.0
2891,64.0,2028.0,14.0
2892,1.0,1734.0,12.0
2893,28.0,1928.0,10.0
2894,10.0,1783.0,12.0
2895,37.0,2028.0,12.0
2896,19.0,2231.0,5.0
2897,55.0,1734.0,1.0
2898,28.0,1161.0,4.0
2899,37.0,2163.0,4.0
2900,10.0,1467.0,1.0
2901,73.0,2098.0,10.0
2902,10.0,1734.0,11.0
2903,37.0,1731.0,13.0
2904,37.0,1346.0,6.0
2905,1.0,2231.0,14.0
2906,46.0,1237.0,7.0
2907,82.0,1731.0,7.0
2908,82.0,2416.0,7.0
2909,55.0,2098.0,10.0
2910,10.0,1237.0,10.0
2911,37.0,2043.0,8.0
2912,10.0,1804.0,9.0
2913,55.0,2043.0,12.0
2914,55.0,2913.0,9.0
2915,28.0,1783.0,5.0
2916,1.0,2631.0,6.0
2917,37.0,2631.0,10.0
2918,10.0,2680.0,4.0
2919,64.0,1237.0,6.0
2920,28.0,1731.0,13.0
2921,19.0,1237.0,9.0
2922,19.0,1797.0,13.0
2923,28.0,1783.0,8.0
2924,28.0,2631.0,10.0
2925,10.0,2105.0,13.0
2926,82.0,2416.0,2.0
2927,55.0,2028.0,5.0
2928,1.0,1567.0,11.0
2929,82.0,2231.0,7.0
2930,82.0,1804.0,3.0
2931,1.0,2700.0,2.0
2932,10.0,1459.0,9.0
2933,19.0,2135.0,1.0
2934,19.0,1928.0,4.0
2935,82.0,2028.0,1.0
2936,64.0,1731.0,13.0
2937,73.0,2936.0,4.0
2938,73.0,2231.0,11.0
2939,19.0,1797.0,2.0
